bin_name	total_scgs	supporting_scgs	t_domain	t_phylum	t_class	t_order	t_family	t_genus	t_species	SA_HC_HMP_S024_01	SA_HC_HMP_S024_02	SA_HC_HMP_S028_01	SA_HC_HMP_S028_02	SA_HC_HMP_S030_01	SA_HC_HMP_S142_01	SA_HC_HMP_S159_01
H_aegyptius_str_CCUG_628_id_GCA_001679305_1	22	14	Bacteria	Proteobacteria	Gammaproteobacteria	Enterobacterales	Pasteurellaceae	Haemophilus	None	0.005092417955488495	0.010561822605618226	0.0	0.0	0.0	0.0	0.0120698510529019
H_aegyptius_str_ATCC_11116_id_GCA_000195005_1	22	16	Bacteria	Proteobacteria	Gammaproteobacteria	Enterobacterales	Pasteurellaceae	Haemophilus	None	0.0	0.03255007704160246	0.0	0.0	0.003933566433566433	0.0	0.0
H_ducreyi_str_CCUG_4438_id_GCA_002015155_1	22	20	Bacteria	Proteobacteria	Gammaproteobacteria	Enterobacterales	Pasteurellaceae	Haemophilus	Haemophilus ducreyi	0.0	0.0	0.0	0.0	0.0	0.0	0.0
H_ducreyi_str_VAN1_id_GCA_001647655_1	22	16	Bacteria	Proteobacteria	Gammaproteobacteria	Enterobacterales	Pasteurellaceae	Haemophilus	Haemophilus ducreyi	0.0	0.0	0.0	0.0	0.0	0.0	0.0
H_haemolyticus_str_ATCC_33390_id_GCA_004368535_1	22	22	Bacteria	Proteobacteria	Gammaproteobacteria	Enterobacterales	Pasteurellaceae	None	None	0.044851500075380676	0.041831014062877994	0.0	0.0	0.017727955227955228	0.0	0.12932450642040919
H_haemolyticus_str_M19066_id_GCA_003494695_1	22	22	Bacteria	Proteobacteria	Gammaproteobacteria	Enterobacterales	Pasteurellaceae	None	None	0.01822731448020479	0.22215184644360206	0.0	0.0	0.01303266022367146	0.03443526170798898	0.02353187946958226
H_haemolyticus_str_60971_B_Hi_3_id_GCA_006439235_1	22	22	Bacteria	Proteobacteria	Gammaproteobacteria	Enterobacterales	Pasteurellaceae	None	None	0.07359377256597871	0.0817259249077431	0.0	0.03099173553719008	0.0015088645794039985	0.02320502320502321	0.8104063692229225
H_haemolyticus_str_M26160_id_GCA_003494485_1	22	22	Bacteria	Proteobacteria	Gammaproteobacteria	Enterobacterales	Pasteurellaceae	None	None	0.03409090909090909	0.10275621714639514	0.0	0.0	0.02406960088257798	0.05871949062610542	0.023036023036023034
H_haemolyticus_str_M26157_id_GCA_003494105_1	22	22	Bacteria	Proteobacteria	Gammaproteobacteria	Enterobacterales	Pasteurellaceae	None	None	0.4938541223832366	0.9659394846327412	0.0	0.01597051597051597	0.024706524706524704	0.0	0.0
H_haemolyticus_str_M11818_id_GCA_003494635_1	22	22	Bacteria	Proteobacteria	Gammaproteobacteria	Enterobacterales	Pasteurellaceae	None	None	0.04321757723217578	0.08493589743589744	0.0	0.0	0.06678056791693156	0.0	0.144599852309264
H_haemolyticus_str_M19080_id_GCA_003494285_1	22	22	Bacteria	Proteobacteria	Gammaproteobacteria	Enterobacterales	Pasteurellaceae	None	None	0.011307100859339666	0.0	0.0	0.0	0.045086658919409044	0.0	0.04719063240648879
H_haemolyticus_str_M26164_id_GCA_003494525_1	22	22	Bacteria	Proteobacteria	Gammaproteobacteria	Enterobacterales	Pasteurellaceae	None	None	0.06602507377977852	0.10739647647027012	0.0	0.0	0.0	0.0	0.08342133117900373
H_haemolyticus_str_M25342_id_GCA_003493465_1	22	11	Bacteria	Proteobacteria	Gammaproteobacteria	Enterobacterales	Pasteurellaceae	Haemophilus	None	0.054468152744014814	0.11446305106592188	0.020486555697823303	0.0	0.017715617715617717	0.003044802087864289	0.06698191736181217
H_haemolyticus_str_M28908_id_GCA_003494545_1	22	11	Bacteria	Proteobacteria	Gammaproteobacteria	Enterobacterales	Pasteurellaceae	Haemophilus	None	0.05568390643017509	0.04754347043812128	0.0	0.02913752913752914	0.02817053295948757	0.0	0.061320669118258266
H_haemolyticus_str_M19099_id_GCA_003490935_1	22	22	Bacteria	Proteobacteria	Gammaproteobacteria	Enterobacterales	Pasteurellaceae	None	None	0.021942378353752144	0.07609886126632538	0.007312252964426877	0.008234519104084322	0.002081887578070784	0.0287269548633185	0.048748068410989755
H_haemolyticus_str_M26156_id_GCA_003490655_1	22	22	Bacteria	Proteobacteria	Gammaproteobacteria	Enterobacterales	Pasteurellaceae	None	None	0.06769367179757935	0.13873451863142586	0.0	0.018648018648018648	0.014916607939863753	0.02913752913752914	0.01974460945752812
H_haemolyticus_str_M19071_id_GCA_003493965_1	22	22	Bacteria	Proteobacteria	Gammaproteobacteria	Enterobacterales	Pasteurellaceae	None	None	0.10038253984574665	0.030162903575921475	0.0	0.0028754700287547006	0.012824446493965443	0.0	0.051384371417568554
H_haemolyticus_str_M26174_id_GCA_003493245_1	22	22	Bacteria	Proteobacteria	Gammaproteobacteria	Enterobacterales	Pasteurellaceae	None	None	0.08986794704498054	0.06706604570351375	0.002054442732408834	0.0	0.0	0.021416083916083916	0.0963781231338607
H_haemolyticus_str_M19155_id_GCA_003490305_1	22	13	Bacteria	Proteobacteria	Gammaproteobacteria	Enterobacterales	Pasteurellaceae	Haemophilus	None	0.09142862789008382	0.06094479440231734	0.0	0.01319161766922961	0.07279948453063768	0.028152808262297314	0.0
H_haemolyticus_str_HI2028_id_GCA_004368395_1	22	22	Bacteria	Proteobacteria	Gammaproteobacteria	Enterobacterales	Pasteurellaceae	None	None	0.06877723099033796	0.09399405350691832	0.0	0.011363636363636364	0.005125885722900648	0.0	0.05424297819620339
H_haemolyticus_str_65117_B_Hi_3_id_GCA_006439285_1	22	11	Bacteria	Proteobacteria	Gammaproteobacteria	Enterobacterales	Pasteurellaceae	Haemophilus	None	0.09095416270363416	0.029121442164920422	0.0	0.0	0.053828346504192555	0.005074670146440481	0.0
H_haemolyticus_str_M19122_id_GCA_003493365_1	22	22	Bacteria	Proteobacteria	Gammaproteobacteria	Enterobacterales	Pasteurellaceae	None	None	0.0	0.027826340326340328	0.05068686518200744	0.0	0.0	0.033622744296901604	0.0
H_haemolyticus_str_M19140_id_GCA_003490235_1	22	12	Bacteria	Proteobacteria	Gammaproteobacteria	Enterobacterales	Pasteurellaceae	Haemophilus	None	0.05246104998269863	0.008989692553202804	0.0	0.0	0.002284752284752285	0.0977721907954466	0.011888962618889626
H_haemolyticus_str_M26166_id_GCA_003492745_1	22	22	Bacteria	Proteobacteria	Gammaproteobacteria	Enterobacterales	Pasteurellaceae	None	None	0.03972741771784834	0.037152371547124814	0.0	0.0	0.0	0.05985792571158424	0.0
H_haemolyticus_str_60982_B_Hi_1_id_GCA_006439215_1	22	22	Bacteria	Proteobacteria	Gammaproteobacteria	Enterobacterales	Pasteurellaceae	None	None	0.03720696451386069	0.048187930284531506	0.0	0.004497326885386587	0.07311469292580342	0.0	0.10719548812769152
H_haemolyticus_str_60824_B_Hi_4_id_GCA_006439315_1	21	21	Bacteria	Proteobacteria	Gammaproteobacteria	Enterobacterales	Pasteurellaceae	None	None	0.06081491607807397	0.1338944984576801	0.01673101673101673	0.0	0.08124289503599848	0.0	0.03317597959077666
H_haemolyticus_str_CCUG_39154_id_GCA_001679445_1	22	22	Bacteria	Proteobacteria	Gammaproteobacteria	Enterobacterales	Pasteurellaceae	None	None	0.1137975120628007	0.07883937587388608	0.0	0.0	0.030263521788945515	0.0	0.024204020872429545
H_haemolyticus_str_60819_B_Hi_1_id_GCA_006439245_1	22	11	Bacteria	Proteobacteria	Gammaproteobacteria	Enterobacterales	Pasteurellaceae	Haemophilus	None	0.019996436550032207	0.11639136583416963	0.004368502543685025	0.0	0.12655645874390895	0.0029137529137529135	0.08480532863158118
H_haemolyticus_str_M19197_id_GCA_003492365_1	22	12	Bacteria	Proteobacteria	Gammaproteobacteria	Enterobacterales	Pasteurellaceae	Haemophilus	None	0.1845435172589494	0.06232951445717403	0.0	0.04356906313428052	0.0	0.03544183089637635	0.028554778554778556
H_haemolyticus_str_M19079_id_GCA_003490595_1	22	12	Bacteria	Proteobacteria	Gammaproteobacteria	Enterobacterales	Pasteurellaceae	Haemophilus	None	0.010772422598148739	0.055027489334058675	0.0	0.0	0.0	0.030418690724034237	0.0
H_haemolyticus_str_M26161_id_GCA_003493685_1	22	11	Bacteria	Proteobacteria	Gammaproteobacteria	Enterobacterales	Pasteurellaceae	Haemophilus	None	0.06194707493932194	0.15058952555856298	0.009906759906759906	0.0	0.0044947078439901405	0.014797979797979798	0.0
H_haemolyticus_str_CCUG_24149_id_GCA_001679135_1	22	22	Bacteria	Proteobacteria	Gammaproteobacteria	Enterobacterales	Pasteurellaceae	None	None	0.057611633713920314	0.1229209280883922	0.0	0.0	0.06029814169349053	0.0	0.07188900732987574
H_haemolyticus_str_M19187_id_GCA_003493605_1	22	22	Bacteria	Proteobacteria	Gammaproteobacteria	Enterobacterales	Pasteurellaceae	None	None	0.0658694747513414	0.055450104507989414	0.0	0.0	0.022063702720637027	0.03443526170798898	0.016755142667551428
H_haemolyticus_str_Haemophilus_haemolyticus_BgEED18_id_GCA_901873495_1	22	22	Bacteria	Proteobacteria	Gammaproteobacteria	Enterobacterales	Pasteurellaceae	None	None	0.039579458430835275	0.0223282609646246	0.0	0.0	0.04929832677924281	0.0	0.0807210392021036
H_haemolyticus_str_M19164_id_GCA_003491025_1	22	12	Bacteria	Proteobacteria	Gammaproteobacteria	Enterobacterales	Pasteurellaceae	Haemophilus	None	0.05944228028965632	0.08680471667786202	0.0	0.0	0.01887926887926888	0.03443526170798898	0.03223248770694026
H_haemolyticus_str_CCUG_15949_id_GCA_006439275_1	22	22	Bacteria	Proteobacteria	Gammaproteobacteria	Enterobacterales	Pasteurellaceae	None	None	0.21068267996214632	0.016439274958578075	0.0	0.0	0.006548536209553159	0.0038350308059851633	0.06521791174215519
H_haemolyticus_str_M26167_id_GCA_003493125_1	22	22	Bacteria	Proteobacteria	Gammaproteobacteria	Enterobacterales	Pasteurellaceae	None	None	0.08712963705628417	0.09782040274704076	0.0	0.0	0.01376359009946796	0.0	0.07908900327489202
H_haemolyticus_str_11P18_id_GCA_001008205_1	22	22	Bacteria	Proteobacteria	Gammaproteobacteria	Enterobacterales	Pasteurellaceae	None	None	0.08707280897161371	0.18744933574132897	0.0	0.0	0.01563404748118124	0.0	0.06600643064231954
H_haemolyticus_str_16_549009_id_GCA_004362455_1	22	22	Bacteria	Proteobacteria	Gammaproteobacteria	Enterobacterales	Pasteurellaceae	None	None	0.11013590422350678	0.015140068401794852	0.0	0.0	0.038602586373287014	0.03443526170798898	0.08578316216697823
H_haemolyticus_str_CCUG_30218_id_GCA_006439145_1	22	22	Bacteria	Proteobacteria	Gammaproteobacteria	Enterobacterales	Pasteurellaceae	None	None	0.030408984954439503	0.008237051656318956	0.0	0.0	0.06121544866437614	0.0	0.02567316091299229
H_haemolyticus_str_CCUG30047_id_GCA_013401795_1	22	22	Bacteria	Proteobacteria	Gammaproteobacteria	Enterobacterales	Pasteurellaceae	None	None	0.09655287486478249	0.09396248753803721	0.0	0.028409090909090908	0.023451889073178075	0.0	0.010255612499171772
H_haemolyticus_str_S32F2_id_GCA_013401805_1	22	22	Bacteria	Proteobacteria	Gammaproteobacteria	Enterobacterales	Pasteurellaceae	None	None	0.2985794518383752	0.14355981511298443	0.0	0.0	0.018906581406581406	0.02913752913752914	0.0
H_haemolyticus_str_1P26_id_GCA_001008215_1	22	11	Bacteria	Proteobacteria	Gammaproteobacteria	Enterobacterales	Pasteurellaceae	Haemophilus	None	0.044117263333681246	0.042671799997524254	0.03529083942877046	0.0	0.014096185737976781	0.0	0.024981739630441202
H_haemolyticus_str_PN24_id_GCA_013401825_1	22	22	Bacteria	Proteobacteria	Gammaproteobacteria	Enterobacterales	Pasteurellaceae	None	None	0.017132867132867134	0.055493877459248275	0.0	0.042601300258548885	0.11655336690787627	0.0	0.09619212473828548
H_haemolyticus_str_27P25_id_GCA_001008275_1	23	12	Bacteria	Proteobacteria	Gammaproteobacteria	Enterobacterales	Pasteurellaceae	Haemophilus	None	0.07555345800641064	0.10631522220251668	0.0	0.0	0.0	0.0	0.09212606760635073
H_haemolyticus_str_3P5_id_GCA_001008225_1	22	22	Bacteria	Proteobacteria	Gammaproteobacteria	Enterobacterales	Pasteurellaceae	None	None	0.001281471430725162	0.07386517480648903	0.0	0.0	0.050665786859816715	0.0	0.0
H_haemolyticus_str_CCUG_31732_id_GCA_006439125_1	22	22	Bacteria	Proteobacteria	Gammaproteobacteria	Enterobacterales	Pasteurellaceae	None	None	0.09606000609960352	0.05925785487829283	0.0	0.0	0.7622592556627187	0.0	0.1756844008264463
H_haemolyticus_str_NCTC10839_id_GCA_900477945_1	22	22	Bacteria	Proteobacteria	Gammaproteobacteria	Enterobacterales	Pasteurellaceae	None	None	0.08809526218005131	0.1986724344792192	0.0	0.0	0.0187042842215256	0.0	0.00963056867839524
H_haemolyticus_str_M19345_id_GCA_003351405_1	22	22	Bacteria	Proteobacteria	Gammaproteobacteria	Enterobacterales	Pasteurellaceae	None	None	0.07167402868813527	0.06087187666135034	0.0	0.0	0.006896551724137931	0.0	0.0764219323187096
H_haemolyticus_str_2019_19_id_GCA_019973675_1	22	22	Bacteria	Proteobacteria	Gammaproteobacteria	Enterobacterales	Pasteurellaceae	None	None	0.0	0.0070740624789324994	0.0	0.0	0.03893964355249364	0.0	0.021340784683481315
H_haemolyticus_str_M19107_id_GCA_000222005_2	22	22	Bacteria	Proteobacteria	Gammaproteobacteria	Enterobacterales	Pasteurellaceae	None	None	0.14511819455507916	0.08829801130992282	0.005906522855675398	0.013642650572111153	0.0	0.014335664335664335	0.056457162807404676
H_haemolyticus_str_M19501_id_GCA_000222025_2	26	26	Bacteria	Proteobacteria	Gammaproteobacteria	Enterobacterales	Pasteurellaceae	None	None	0.022132925117999747	0.039928562316622014	0.03690828402366864	0.0	0.0	0.0	0.017472936145866272
H_haemolyticus_str_M21127_id_GCA_000222045_2	23	12	Bacteria	Proteobacteria	Gammaproteobacteria	Enterobacterales	Pasteurellaceae	Haemophilus	None	0.11524430092645983	0.31045289747130644	0.012551140697593787	0.0	0.09339701191320637	0.00502415458937198	0.035434435892101795
H_haemolyticus_str_M21621_id_GCA_000222065_2	22	22	Bacteria	Proteobacteria	Gammaproteobacteria	Enterobacterales	Pasteurellaceae	None	None	0.019740978247202313	0.08741934593839151	0.0	0.0	0.011217948717948718	0.003987240829346092	0.10312261492988525
H_influenzae_str_M10489_id_GCA_003494325_1	22	13	Bacteria	Proteobacteria	Gammaproteobacteria	Enterobacterales	Pasteurellaceae	Haemophilus	None	0.0	0.0007188675071886752	0.0	0.0	0.0	0.0	0.004149778035128353
H_influenzae_str_M14666_id_GCA_003494725_1	22	14	Bacteria	Proteobacteria	Gammaproteobacteria	Enterobacterales	Pasteurellaceae	Haemophilus	None	0.0	0.0	0.0	0.0	0.011299435028248588	0.0	0.011316484345529988
H_influenzae_str_M25147_id_GCA_003496925_1	22	22	Bacteria	Proteobacteria	Gammaproteobacteria	Enterobacterales	Pasteurellaceae	None	None	0.015288015288015289	0.00012840267077555214	0.0	0.0	0.04300423355290903	0.0	0.0205706702057067
H_influenzae_str_60295_NP_Hi1_id_GCA_004802075_1	22	14	Bacteria	Proteobacteria	Gammaproteobacteria	Enterobacterales	Pasteurellaceae	Haemophilus	None	0.04336016887715858	0.0	0.0	0.0	0.0	0.0	0.0
H_influenzae_str_P608_8895_id_GCA_003415305_1	22	14	Bacteria	Proteobacteria	Gammaproteobacteria	Enterobacterales	Pasteurellaceae	Haemophilus	None	0.0	0.0	0.0	0.0	0.0	0.0	0.015536723163841809
H_influenzae_str_P677_2580_id_GCA_003414465_1	22	13	Bacteria	Proteobacteria	Gammaproteobacteria	Enterobacterales	Pasteurellaceae	Haemophilus	None	0.0	0.0	0.0	0.0	0.0	0.00539291217257319	0.0
H_influenzae_str_P645_8193_id_GCA_003414225_1	22	14	Bacteria	Proteobacteria	Gammaproteobacteria	Enterobacterales	Pasteurellaceae	Haemophilus	None	0.025652318281596052	0.0	0.0	0.0	0.0	0.0	0.0
H_influenzae_str_60294_NP_Hi1_id_GCA_004802405_1	22	13	Bacteria	Proteobacteria	Gammaproteobacteria	Enterobacterales	Pasteurellaceae	Haemophilus	None	0.0005790387955993052	0.0	0.0	0.0	0.013702046541029593	0.0	0.0
H_influenzae_str_P603_4482_id_GCA_003415355_2	22	13	Bacteria	Proteobacteria	Gammaproteobacteria	Enterobacterales	Pasteurellaceae	Haemophilus	None	0.0	0.061573629503983734	0.0	0.0	0.00783256291730868	0.0	0.020555592773720998
H_influenzae_str_60373_BAL_Hi1_id_GCA_004802295_1	22	12	Bacteria	Proteobacteria	Gammaproteobacteria	Enterobacterales	Pasteurellaceae	Haemophilus	None	0.0	0.0	0.0	0.0	0.04423800044238001	0.0	0.003425559947299078
H_influenzae_str_1P16H5_id_GCA_002991295_1	22	22	Bacteria	Proteobacteria	Gammaproteobacteria	Enterobacterales	Pasteurellaceae	None	None	0.05303030303030303	0.0	0.0	0.0	0.0	0.0	0.0
H_influenzae_str_PN134_id_GCA_013402015_1	22	22	Bacteria	Proteobacteria	Gammaproteobacteria	Enterobacterales	Pasteurellaceae	None	None	0.027403218790778602	0.0	0.0	0.0	0.060887444627329354	0.0	0.0
H_influenzae_str_PTHi_1402_id_GCA_900407805_1	22	14	Bacteria	Proteobacteria	Gammaproteobacteria	Enterobacterales	Pasteurellaceae	Haemophilus	None	0.0	0.00767833232869172	0.0	0.0	0.019893592412676384	0.0	0.0
H_influenzae_str_PTHi_8273_id_GCA_900408165_1	22	15	Bacteria	Proteobacteria	Gammaproteobacteria	Enterobacterales	Pasteurellaceae	Haemophilus	None	0.0	0.0	0.0	0.0	0.003489955737146748	0.0	0.0
H_influenzae_str_60370_BAL_Hi2_id_GCA_004802355_1	22	14	Bacteria	Proteobacteria	Gammaproteobacteria	Enterobacterales	Pasteurellaceae	Haemophilus	None	0.0	0.0005276647067691844	0.0	0.0	0.007188675071886751	0.0	0.09050216884395298
H_influenzae_str_P612_8066_id_GCA_003415255_1	22	14	Bacteria	Proteobacteria	Gammaproteobacteria	Enterobacterales	Pasteurellaceae	Haemophilus	None	0.0	0.004423800044238001	0.0	0.0	0.008281972265023111	0.0	0.0
H_influenzae_str_1_id_GCA_003203015_1	22	22	Bacteria	Proteobacteria	Gammaproteobacteria	Enterobacterales	Pasteurellaceae	None	None	0.0015015015015015015	0.0	0.0	0.0	0.0	0.0	0.0
H_influenzae_str_PTHi_13064_id_GCA_900407625_1	22	13	Bacteria	Proteobacteria	Gammaproteobacteria	Enterobacterales	Pasteurellaceae	Haemophilus	None	0.0	0.05391281662468103	0.0	0.0	0.014341892204487623	0.0	0.00027648750276487504
H_influenzae_str_124P40H1_id_GCA_002991045_1	22	22	Bacteria	Proteobacteria	Gammaproteobacteria	Enterobacterales	Pasteurellaceae	None	None	0.0	0.03150553150553151	0.009641873278236915	0.0	0.0103959301039593	0.0	0.0
H_influenzae_str_24_id_GCA_003203275_1	22	14	Bacteria	Proteobacteria	Gammaproteobacteria	Enterobacterales	Pasteurellaceae	Haemophilus	None	0.0	0.001985370950888192	0.0	0.0	0.0	0.0	0.0001926040061633282
H_influenzae_str_WAPHL1_id_GCA_002237715_1	22	22	Bacteria	Proteobacteria	Gammaproteobacteria	Enterobacterales	Pasteurellaceae	None	None	0.010023310023310023	0.026078088578088576	0.0	0.0	0.0	0.0	0.0
H_influenzae_str_149P2H1_id_GCA_002991135_1	22	22	Bacteria	Proteobacteria	Gammaproteobacteria	Enterobacterales	Pasteurellaceae	None	None	0.052066000630593925	0.0	0.0	0.0	0.0	0.0	0.0
H_influenzae_str_HI1408_id_GCA_001184705_1	22	22	Bacteria	Proteobacteria	Gammaproteobacteria	Enterobacterales	Pasteurellaceae	None	None	0.006452080614760041	0.0	0.0	0.0	0.0	0.0273000273000273	0.029233303225120875
H_influenzae_str_PTHi_3421_id_GCA_900407925_1	22	13	Bacteria	Proteobacteria	Gammaproteobacteria	Enterobacterales	Pasteurellaceae	Haemophilus	None	0.04997086247086247	0.0	0.0	0.0	0.0022988505747126436	0.021124708624708624	0.0
H_influenzae_str_40P92H1_id_GCA_002985345_1	22	13	Bacteria	Proteobacteria	Gammaproteobacteria	Enterobacterales	Pasteurellaceae	Haemophilus	None	0.034882284882284884	0.05315105614563738	0.0	0.0	0.0038304392236976504	0.0	0.0
H_influenzae_str_839_HINF_id_GCA_001059185_1	22	22	Bacteria	Proteobacteria	Gammaproteobacteria	Enterobacterales	Pasteurellaceae	None	None	0.036972596781209226	0.02220680083275503	0.0	0.0	0.08075725077869939	0.0	0.32773031580535883
H_influenzae_str_51P4H_id_GCA_002985485_1	22	22	Bacteria	Proteobacteria	Gammaproteobacteria	Enterobacterales	Pasteurellaceae	None	None	0.0018848774829636073	0.0	0.0	0.0	0.0	0.0	0.012759170653907496
H_influenzae_str_148P4H1_id_GCA_002985005_1	22	13	Bacteria	Proteobacteria	Gammaproteobacteria	Enterobacterales	Pasteurellaceae	Haemophilus	None	0.021685694212751853	0.0	0.0	0.0	0.0	0.016002723867892407	0.000522466039707419
H_influenzae_str_PTHi_5709_id_GCA_900408095_1	21	21	Bacteria	Proteobacteria	Gammaproteobacteria	Enterobacterales	Pasteurellaceae	None	None	0.015318932145670525	0.0	0.0	0.0	0.0	0.0	0.0
H_influenzae_str_492_HINF_id_GCA_001076835_1	22	14	Bacteria	Proteobacteria	Gammaproteobacteria	Enterobacterales	Pasteurellaceae	Haemophilus	None	0.039600550964187325	0.0	0.0	0.0	0.018505667360629193	0.0	0.0
H_influenzae_str_RHH_3_id_GCA_015694745_1	22	13	Bacteria	Proteobacteria	Gammaproteobacteria	Enterobacterales	Pasteurellaceae	Haemophilus	None	0.0	0.017045454545454544	0.0	0.0	0.0	0.0	0.0
H_influenzae_str_19P81H1_id_GCA_002985065_1	22	22	Bacteria	Proteobacteria	Gammaproteobacteria	Enterobacterales	Pasteurellaceae	None	None	0.025680534155110426	0.0	0.0	0.0	0.0	0.0	0.0
H_influenzae_str_40P44H1_id_GCA_002985305_1	22	13	Bacteria	Proteobacteria	Gammaproteobacteria	Enterobacterales	Pasteurellaceae	Haemophilus	None	0.0	0.003457814661134163	0.0	0.0	0.0	0.0	0.0
H_influenzae_str_PTHi_2060_id_GCA_900407905_1	22	14	Bacteria	Proteobacteria	Gammaproteobacteria	Enterobacterales	Pasteurellaceae	Haemophilus	None	0.0	0.0	0.0	0.0	0.0	0.0	0.03837008490293162
H_influenzae_str_M03842_id_GCA_003491005_1	22	13	Bacteria	Proteobacteria	Gammaproteobacteria	Enterobacterales	Pasteurellaceae	Haemophilus	None	0.0	0.0	0.0	0.012469189502682327	0.0	0.0	0.0
H_influenzae_str_P658_8889_id_GCA_003414605_1	22	14	Bacteria	Proteobacteria	Gammaproteobacteria	Enterobacterales	Pasteurellaceae	Haemophilus	None	0.0037878787878787876	0.0028665028665028664	0.007646665375509717	0.0	0.0	0.0	0.00387082503870825
H_influenzae_str_P596_8591_id_GCA_003415525_1	22	14	Bacteria	Proteobacteria	Gammaproteobacteria	Enterobacterales	Pasteurellaceae	Haemophilus	None	0.013586856870438958	0.031078073048875967	0.0	0.0	0.008096229470275272	0.0	0.0
H_influenzae_str_841_HINF_id_GCA_001058575_1	22	14	Bacteria	Proteobacteria	Gammaproteobacteria	Enterobacterales	Pasteurellaceae	Haemophilus	None	1.340876991583196	1.0126695837816746	0.3464277714606547	0.1781787238810239	0.1838254151943711	0.05891051299543015	0.9719114812240831
H_influenzae_str_159_HINF_id_GCA_001055565_1	22	15	Bacteria	Proteobacteria	Gammaproteobacteria	Enterobacterales	Pasteurellaceae	Haemophilus	None	0.8611148535911956	0.2195508688634483	0.10859934398493586	0.0937104804487729	0.1511874777076853	0.001640609920864698	0.4349516306840092
H_influenzae_str_AS1_id_GCA_021391215_1	22	14	Bacteria	Proteobacteria	Gammaproteobacteria	Enterobacterales	Pasteurellaceae	Haemophilus	None	0.015252525252525252	0.02341402184319349	0.0	0.03443526170798898	0.0	0.0	0.0
H_influenzae_str_39P18H1_id_GCA_002990315_1	22	22	Bacteria	Proteobacteria	Gammaproteobacteria	Enterobacterales	Pasteurellaceae	None	None	0.009493272978750158	0.0	0.0	0.0	0.009279396839205452	0.0	0.06354278501581406
H_influenzae_str_39P25H_id_GCA_002991365_1	22	22	Bacteria	Proteobacteria	Gammaproteobacteria	Enterobacterales	Pasteurellaceae	None	None	0.017195767195767195	0.0	0.0	0.0	0.010008847600088477	0.0	0.0
H_influenzae_str_AS012764_id_GCA_010604085_1	22	14	Bacteria	Proteobacteria	Gammaproteobacteria	Enterobacterales	Pasteurellaceae	Haemophilus	None	0.008185088407209737	0.0016346032943543316	0.0	0.0	0.0	0.0	0.002046007520460075
H_influenzae_str_12P37H2_id_GCA_002984945_1	22	13	Bacteria	Proteobacteria	Gammaproteobacteria	Enterobacterales	Pasteurellaceae	Haemophilus	None	0.0	0.0	0.0	0.004216073781291172	0.0	0.0	0.009332516631786704
H_influenzae_str_NCTC8143_id_GCA_001457655_1	22	22	Bacteria	Proteobacteria	Gammaproteobacteria	Enterobacterales	Pasteurellaceae	None	None	0.006118881118881119	0.0	0.0	0.0	0.0012165450121654502	0.0	0.0
H_influenzae_str_NCTC11931_id_GCA_900475535_1	22	22	Bacteria	Proteobacteria	Gammaproteobacteria	Enterobacterales	Pasteurellaceae	None	None	0.0	0.013879672638796726	0.0	0.0	0.0	0.0	0.0
H_influenzae_str_CHBN_IV_1_id_GCA_019703735_1	22	13	Bacteria	Proteobacteria	Gammaproteobacteria	Enterobacterales	Pasteurellaceae	Haemophilus	None	0.01515151515151515	0.011056511056511058	0.0	0.0	0.00165892501658925	0.0	0.0
H_influenzae_str_M21384_id_GCA_003351425_1	21	21	Bacteria	Proteobacteria	Gammaproteobacteria	Enterobacterales	Pasteurellaceae	None	None	0.0	0.030525030525030528	0.0	0.0	0.1391941391941392	0.03427128427128427	0.0
H_influenzae_str_22_4_21_id_GCA_000169855_1	24	14	Bacteria	Proteobacteria	Gammaproteobacteria	Enterobacterales	Pasteurellaceae	Haemophilus	None	0.0	0.0018631436314363143	0.0	0.0	0.011792452830188678	0.0	0.0
H_influenzae_str_F3039_id_GCA_005888205_1	22	14	Bacteria	Proteobacteria	Gammaproteobacteria	Enterobacterales	Pasteurellaceae	Haemophilus	None	0.01115633951454847	0.05128009325089617	0.0	0.0	0.0	0.0	0.0
H_influenzae_str_CGSHiCZ412602_id_GCA_000698365_1	22	22	Bacteria	Proteobacteria	Gammaproteobacteria	Enterobacterales	Pasteurellaceae	None	None	0.0	0.0	0.0	0.0	0.0	0.0	0.0
H_influenzae_str_PittHH_id_GCA_000169815_1	23	14	Bacteria	Proteobacteria	Gammaproteobacteria	Enterobacterales	Pasteurellaceae	Haemophilus	None	0.0	0.006637902422834385	0.0	0.0	0.01806320758195966	0.0	0.0
H_massiliensis_str_NA_id_GCA_000752475_1	22	15	Bacteria	Proteobacteria	Gammaproteobacteria	Enterobacterales	Pasteurellaceae	Necropsobacter	Necropsobacter massiliensis	0.08878469958316172	0.0678865897844	0.0	0.008674531575294934	0.0	0.0	0.0
H_parahaemolyticus_str_NCTC10794_id_GCA_900450875_1	22	22	Bacteria	Proteobacteria	Gammaproteobacteria	Enterobacterales	Pasteurellaceae	None	None	0.19245441627299276	0.3035319792501834	0.0	0.0	0.0	0.005681818181818182	0.023079262138204715
H_parahaemolyticus_str_C2006000788_id_GCA_003252925_1	22	8	Bacteria	Proteobacteria	Gammaproteobacteria	Enterobacterales	Pasteurellaceae	Haemophilus	Haemophilus parahaemolyticus	0.24730673648267265	0.5751796849577181	0.0	0.0	0.0	0.0	0.019464720194647202
H_parahaemolyticus_str_C2010039593_id_GCA_003253075_1	22	22	Bacteria	Proteobacteria	Gammaproteobacteria	Enterobacterales	Pasteurellaceae	None	None	0.38061980255076233	0.7601379395579101	0.0	0.017853696197645243	0.0	0.0	0.0
H_parahaemolyticus_str_G321_id_GCA_000826045_1	22	22	Bacteria	Proteobacteria	Gammaproteobacteria	Enterobacterales	Pasteurellaceae	None	None	0.15349188728004012	0.8893390875419276	0.0	0.0	0.0	0.0	0.0005827505827505828
H_parahaemolyticus_str_NCTC_8479_id_GCA_900450675_1	22	10	Bacteria	Proteobacteria	Gammaproteobacteria	Enterobacterales	Pasteurellaceae	Haemophilus	Haemophilus parahaemolyticus	0.2693532942021908	0.27954545595134667	0.0	0.0	0.0	0.0	0.0
H_parainfluenzae_str_C2004002727_id_GCA_003252885_1	22	14	Bacteria	Proteobacteria	Gammaproteobacteria	Enterobacterales	Pasteurellaceae	Haemophilus	None	0.7648335941807054	0.43783585518594736	0.1738182894721958	0.16769805849150288	0.1132864589476885	0.013484123531970421	0.7625940679033874
H_parainfluenzae_str_C2005004058_id_GCA_003252915_1	22	15	Bacteria	Proteobacteria	Gammaproteobacteria	Enterobacterales	Pasteurellaceae	Haemophilus	None	1.031925826194423	0.5281733214105249	0.07716259217396405	0.07326247020769493	0.15834207293874983	0.05093329062794712	0.6711127786398332
H_parainfluenzae_str_C2004002729_id_GCA_003252795_1	22	14	Bacteria	Proteobacteria	Gammaproteobacteria	Enterobacterales	Pasteurellaceae	Haemophilus	None	1.2687893618749497	0.3897705739669421	0.15002602574343984	0.08462277336900008	0.21146877391507504	0.08832093597437457	1.0906852110027083
H_parainfluenzae_str_60884_B_Hi_2_id_GCA_001949895_1	22	14	Bacteria	Proteobacteria	Gammaproteobacteria	Enterobacterales	Pasteurellaceae	Haemophilus	None	0.9373703521736693	0.44290243555270153	0.13163541004450094	0.18991495600471708	0.06265668765668765	0.01799242424242424	0.5466306403747515
H_parainfluenzae_str_UMB0748_id_GCA_002884755_1	22	14	Bacteria	Proteobacteria	Gammaproteobacteria	Enterobacterales	Pasteurellaceae	Haemophilus	None	0.8963232594010148	0.416763925287063	0.04944706599897278	0.0042291733163102455	0.08140259125230025	0.12647719836498328	0.6875817243770203
H_parainfluenzae_str_ATCC_9796_id_GCA_001680775_1	22	14	Bacteria	Proteobacteria	Gammaproteobacteria	Enterobacterales	Pasteurellaceae	Haemophilus	None	1.296572498629087	0.6621906709492317	0.0006939625260235947	0.039532647475479146	0.3262555411156909	0.0	0.6457519922915588
H_parainfluenzae_str_C2006002596_id_GCA_003252755_1	22	15	Bacteria	Proteobacteria	Gammaproteobacteria	Enterobacterales	Pasteurellaceae	Haemophilus	None	1.7014020370322895	1.612403471625102	0.16163795529344752	0.10379928563944324	0.22103806080029534	0.08959993508055938	1.2593025815699108
H_parainfluenzae_str_65114_B_Hi_3_id_GCA_001949885_1	22	14	Bacteria	Proteobacteria	Gammaproteobacteria	Enterobacterales	Pasteurellaceae	Haemophilus	None	0.8569024689060459	0.6788691520767518	0.1138662607127432	0.04031843862352337	0.05117700611262843	0.005944055944055945	0.5495541639852806
H_parainfluenzae_str_Haemophilus_parainfluenzae_BgEED17_id_GCA_901873375_1	22	14	Bacteria	Proteobacteria	Gammaproteobacteria	Enterobacterales	Pasteurellaceae	Haemophilus	None	0.7752626698172379	0.2126971251743904	0.09438041732396524	0.08170942521983066	0.08403645903645905	0.0	0.4595015307234415
H_parainfluenzae_str_209_HPAR_id_GCA_001055885_1	22	14	Bacteria	Proteobacteria	Gammaproteobacteria	Enterobacterales	Pasteurellaceae	Haemophilus	None	1.1663179990600294	0.36023359084095924	0.14051615311481286	0.15899283044839255	0.10107482370595693	0.0458128078817734	1.569383628450893
H_parainfluenzae_str_C2004000280_id_GCA_003252725_1	22	14	Bacteria	Proteobacteria	Gammaproteobacteria	Enterobacterales	Pasteurellaceae	Haemophilus	None	1.0259058150412106	0.28575424603494987	0.023816232436922092	0.21364842397944575	0.04789415130324222	0.0030966600309666	0.6394689906580348
H_parainfluenzae_str_CCUG_58848_id_GCA_001679405_1	22	15	Bacteria	Proteobacteria	Gammaproteobacteria	Enterobacterales	Pasteurellaceae	Haemophilus	None	0.8886050509993595	0.39933613039208615	0.09811094603124887	0.08152288026167881	0.10096277141351338	0.02913752913752914	1.076562497864321
H_parainfluenzae_str_M1C111_2_id_GCA_014982385_1	22	14	Bacteria	Proteobacteria	Gammaproteobacteria	Enterobacterales	Pasteurellaceae	Haemophilus	None	0.7597041095974748	0.5789816860033485	0.2458318065144369	0.11943031105802966	0.28032954036186386	0.010465674699251342	1.0087794171942235
H_parainfluenzae_str_432_HPAR_id_GCA_001055095_1	22	14	Bacteria	Proteobacteria	Gammaproteobacteria	Enterobacterales	Pasteurellaceae	Haemophilus	None	1.1991112117869138	0.75528285814137	0.1892185306075766	0.13700732185038464	0.52315348674826	0.047348484848484855	1.3632736343298724
H_parainfluenzae_str_146_HPAR_id_GCA_001053575_1	22	14	Bacteria	Proteobacteria	Gammaproteobacteria	Enterobacterales	Pasteurellaceae	Haemophilus	None	0.7635723299712549	0.49966699838647916	0.28447856130419635	0.13621079087327603	0.26469009524404635	0.09807240393103749	1.358270111642569
H_parainfluenzae_str_M1C116_1_id_GCA_014982375_1	22	15	Bacteria	Proteobacteria	Gammaproteobacteria	Enterobacterales	Pasteurellaceae	Haemophilus	None	1.2490733597962649	0.2732248085421824	0.0	0.01758847213392668	0.2966504066026081	0.0	1.0531852116493186
H_parainfluenzae_str_C2008001710_id_GCA_003252775_1	22	14	Bacteria	Proteobacteria	Gammaproteobacteria	Enterobacterales	Pasteurellaceae	Haemophilus	None	0.976285847184523	0.3895158366804814	0.10880289978780609	0.11037151046720424	0.07746284590195396	0.03012978860436488	0.6206765997303458
H_parainfluenzae_str_LC_1315_18_id_GCA_008868695_1	23	16	Bacteria	Proteobacteria	Gammaproteobacteria	Enterobacterales	Pasteurellaceae	Haemophilus	None	0.4658294693273396	0.12296493293915933	0.0006688963210702342	0.05181371885734034	0.0	0.00818674632149574	0.21990140059170207
H_parainfluenzae_str_488_HPAR_id_GCA_001057005_1	22	14	Bacteria	Proteobacteria	Gammaproteobacteria	Enterobacterales	Pasteurellaceae	Haemophilus	None	0.8015266196224343	0.4031724759386906	0.046804257673822895	0.07178110773273645	0.04306695847930354	0.107073869810907	0.8491143345082194
H_parainfluenzae_str_137_HINF_id_GCA_001053535_1	22	15	Bacteria	Proteobacteria	Gammaproteobacteria	Enterobacterales	Pasteurellaceae	Haemophilus	None	1.4069612758983843	0.5124738905973305	0.08155444418879929	0.1867216860805512	0.17097447977701963	0.0	0.8113523768124516
H_parainfluenzae_str_1128_HPAR_id_GCA_001053915_1	22	14	Bacteria	Proteobacteria	Gammaproteobacteria	Enterobacterales	Pasteurellaceae	Haemophilus	None	0.32469546795035414	0.4297859631502607	0.07124690175537633	0.0021645021645021645	0.04361223318850437	0.02301642377978256	0.7199711069556051
H_parainfluenzae_str_155_HPAR_id_GCA_001054475_1	22	15	Bacteria	Proteobacteria	Gammaproteobacteria	Enterobacterales	Pasteurellaceae	Haemophilus	None	0.7309962910717274	0.3657216776030287	0.15568605198821422	0.09209661311042218	0.09107506691986794	0.0	0.5133849919038619
H_parainfluenzae_str_1209_HPAR_id_GCA_001053035_1	22	17	Bacteria	Proteobacteria	Gammaproteobacteria	Enterobacterales	Pasteurellaceae	Haemophilus	None	0.5702792528914334	0.2824556138033476	0.08335633460828246	0.11463089073764511	0.07543189218862506	0.0	0.15845238705587236
H_parainfluenzae_str_901_HPAR_id_GCA_001059815_1	22	14	Bacteria	Proteobacteria	Gammaproteobacteria	Enterobacterales	Pasteurellaceae	Haemophilus	None	1.1910593609998608	0.4643440069155073	0.14086289362040666	0.09949016348018841	0.30388343120146677	0.038861701028395645	1.2520994047231264
H_parainfluenzae_str_COPD_014_E1_O_id_GCA_009914785_1	22	14	Bacteria	Proteobacteria	Gammaproteobacteria	Enterobacterales	Pasteurellaceae	Haemophilus	None	0.9114368652106833	0.3652802732799519	0.052466982761921924	0.04131743455906135	0.10589661790465997	0.02475408391438926	0.8689601809904862
H_parainfluenzae_str_NCTC10672_id_GCA_900450995_1	22	14	Bacteria	Proteobacteria	Gammaproteobacteria	Enterobacterales	Pasteurellaceae	Haemophilus	None	0.5050000579616699	0.46305374563736384	0.05641360091749999	0.12152838787856489	0.08774967638716408	0.013991590546614469	0.3994829025873225
H_parainfluenzae_str_M1C137_2_id_GCA_014931395_1	22	14	Bacteria	Proteobacteria	Gammaproteobacteria	Enterobacterales	Pasteurellaceae	Haemophilus	None	1.0726127674153707	0.3038654168803616	0.09154684066210489	0.1193976694105361	0.5205668583552907	0.04007670422315241	0.9316618431881988
H_parainfluenzae_str_M27794_id_GCA_003390455_1	22	14	Bacteria	Proteobacteria	Gammaproteobacteria	Enterobacterales	Pasteurellaceae	Haemophilus	None	0.7462507593226753	0.36344447821642567	0.1105703184855193	0.03993495471756341	0.2438106784328866	0.0009324009324009324	0.6544347810689565
H_parainfluenzae_str_NCTC10665_id_GCA_900638025_1	22	9	Bacteria	Proteobacteria	Gammaproteobacteria	Enterobacterales	Pasteurellaceae	Haemophilus	Haemophilus parainfluenzae	0.3071157956634012	0.2556729314523387	0.0	0.017452984226189534	0.04329004329004329	0.0077416500774165	0.13756602730163198
H_parainfluenzae_str_M1C152_1_id_GCA_014931295_1	22	15	Bacteria	Proteobacteria	Gammaproteobacteria	Enterobacterales	Pasteurellaceae	Haemophilus	None	0.865640222226926	0.5002969159477867	0.08091725792455719	0.12064954009317072	0.20079289473837922	0.04406353971260315	0.7386056763530902
H_parainfluenzae_str_M1C160_1_id_GCA_014931275_1	22	15	Bacteria	Proteobacteria	Gammaproteobacteria	Enterobacterales	Pasteurellaceae	Haemophilus	None	0.8956803187128496	0.7456823798836755	0.11318869843742797	0.1466438805659134	0.07837099159976206	0.0065543071161048684	0.3909814979052743
H_parainfluenzae_str_M1C149_1_id_GCA_014931315_1	22	14	Bacteria	Proteobacteria	Gammaproteobacteria	Enterobacterales	Pasteurellaceae	Haemophilus	None	0.8590434909684088	0.48254823131460767	0.06871207611333731	0.04225081255626609	0.1907611879719121	0.0	1.0700277967292244
H_parainfluenzae_str_M1C120_2_id_GCA_014931455_1	22	14	Bacteria	Proteobacteria	Gammaproteobacteria	Enterobacterales	Pasteurellaceae	Haemophilus	None	0.8879988571485021	0.29989190436303453	0.10720379603311883	0.10678043934925285	0.20648919273021346	0.0712098642023383	1.2274184700355348
H_parainfluenzae_str_M1C130_2_id_GCA_014931415_1	22	14	Bacteria	Proteobacteria	Gammaproteobacteria	Enterobacterales	Pasteurellaceae	Haemophilus	None	0.9687191010062984	0.5348660444337412	0.09110624980207281	0.29017287525944435	0.2370256762544545	0.04382767856783684	1.0923683211809196
H_parainfluenzae_str_M1C125_4_id_GCA_014931435_1	22	14	Bacteria	Proteobacteria	Gammaproteobacteria	Enterobacterales	Pasteurellaceae	Haemophilus	None	0.9592832504074746	0.49873339070331285	0.17786701906036798	0.14818743787063504	0.38201053722314354	0.020856742608567427	1.407942294591059
H_parainfluenzae_str_M1C146_1_id_GCA_014931355_1	22	14	Bacteria	Proteobacteria	Gammaproteobacteria	Enterobacterales	Pasteurellaceae	Haemophilus	None	1.0450893024530532	0.4405774877011931	0.11747814552592818	0.07923621814920817	0.19605614153590434	0.020803270803270803	0.6413248214469682
H_parainfluenzae_str_M1C113_1_id_GCA_014931475_1	22	15	Bacteria	Proteobacteria	Gammaproteobacteria	Enterobacterales	Pasteurellaceae	Haemophilus	None	0.9122702605891263	0.40572721505226567	0.1133058646499055	0.11733113415595167	0.15391529115538394	0.0018939393939393938	0.5129351800486269
H_parainfluenzae_str_M1C142_1_id_GCA_014931375_1	22	14	Bacteria	Proteobacteria	Gammaproteobacteria	Enterobacterales	Pasteurellaceae	Haemophilus	None	1.7665350195552776	0.84857193396888	0.09442458229532558	0.1785754268187777	0.22550658698543843	0.0037903362552620516	1.833658642750784
H_parainfluenzae_str_M1C147_1_id_GCA_014931335_1	22	14	Bacteria	Proteobacteria	Gammaproteobacteria	Enterobacterales	Pasteurellaceae	Haemophilus	None	0.8163133482438591	0.5066707599884576	0.07328890611905382	0.14386885181008702	0.20529261249867858	0.1366202683775153	0.8687053045898523
H_parainfluenzae_str_NCTC_7857_id_GCA_900450845_1	22	14	Bacteria	Proteobacteria	Gammaproteobacteria	Enterobacterales	Pasteurellaceae	Haemophilus	None	1.2544650030932418	0.7036596158758381	0.03340814576607468	0.05966581618854605	0.08971034401072656	0.01233019853709509	0.9626265860053674
H_parainfluenzae_str_HK262_id_GCA_000259485_1	22	14	Bacteria	Proteobacteria	Gammaproteobacteria	Enterobacterales	Pasteurellaceae	Haemophilus	None	1.1676776135960565	0.6274227797771895	0.15317973073335234	0.07706466368292095	0.24826533970390272	0.05208618010342148	1.7038745265850586
H_parainfluenzae_str_T3T1_id_GCA_000210895_1	22	14	Bacteria	Proteobacteria	Gammaproteobacteria	Enterobacterales	Pasteurellaceae	Haemophilus	None	0.7119080153487272	0.7148569860638225	0.004693624679632142	0.15584476929958252	0.16619617292777322	0.030055168431085456	0.9207541402655472
H_paraphrohaemolyticus_str_NCTC10671_id_GCA_900451065_1	22	9	Bacteria	Proteobacteria	Gammaproteobacteria	Enterobacterales	Pasteurellaceae	Haemophilus	Haemophilus paraphrohaemolyticus	0.09614421208613924	0.019902096697790205	0.0	0.0	0.0	0.0	0.0
H_paraphrohaemolyticus_str_C2014016342_id_GCA_003253115_1	22	22	Bacteria	Proteobacteria	Gammaproteobacteria	Enterobacterales	Pasteurellaceae	None	None	0.028733278733278734	0.004000680966973102	0.0	0.0	0.0	0.0	0.007022782570227826
H_pittmaniae_str_NCTC13334_id_GCA_900186995_1	22	11	Bacteria	Proteobacteria	Gammaproteobacteria	Enterobacterales	Pasteurellaceae	Haemophilus	Haemophilus pittmaniae	0.20763583342934674	0.06382182229639856	0.023135460635460636	0.03967152440434883	0.04178272292679072	0.010647010647010647	0.12056095235735288
H_seminalis_str_SZY_H1_id_GCA_006384255_1	22	22	Bacteria	Proteobacteria	Gammaproteobacteria	Enterobacterales	Pasteurellaceae	None	None	0.05830800768942385	0.044555864111117886	0.007062146892655368	0.005827505827505827	0.0	0.0	0.01937765140012331
H_sp_str_C1_id_GCA_001276515_1	22	14	Bacteria	Proteobacteria	Gammaproteobacteria	Enterobacterales	Pasteurellaceae	Haemophilus	None	0.12056050453598614	0.08042653786124039	0.05208261696811316	0.0	0.0	0.244469384957697	0.1147769825743
H_sp_str_CCUG_60358_id_GCA_001679485_1	22	15	Bacteria	Proteobacteria	Gammaproteobacteria	Enterobacterales	Pasteurellaceae	Haemophilus	None	0.6558849628847541	0.33510985742083854	0.03719755672880673	0.15772053798921323	0.25369787743598166	0.016139657444005272	0.5163236686173409
H_sp_HMT_036_str_ccug_66565_id_GCA_001679495_1	22	12	Bacteria	Proteobacteria	Gammaproteobacteria	Enterobacterales	Pasteurellaceae	Haemophilus	None	0.04776440270047597	0.08167515375455928	0.0	0.021294021294021293	0.6035948415015739	0.0	0.19903981110037058
H_sp_str_HMSC061E01_id_GCA_001810345_1	22	14	Bacteria	Proteobacteria	Gammaproteobacteria	Enterobacterales	Pasteurellaceae	Haemophilus	None	1.0601492253432527	0.5656141557195371	0.09455100191586037	0.2768380831745782	0.133827361116267	0.07325107259889868	0.7773899912156762
H_sp_str_HMSC066D03_id_GCA_001811025_1	22	14	Bacteria	Proteobacteria	Gammaproteobacteria	Enterobacterales	Pasteurellaceae	Haemophilus	None	1.1936001548983182	0.3981155465058904	0.10352778322025778	0.123319932915066	0.1405156001409254	0.03969940063930819	0.4266374624294823
H_sp_str_HMSC068C11_id_GCA_001815355_1	22	14	Bacteria	Proteobacteria	Gammaproteobacteria	Enterobacterales	Pasteurellaceae	Haemophilus	None	1.0963327349446865	0.38331412596785286	0.14033673585560377	0.17438379017402425	0.20711851561566966	0.027316506372750127	0.9864938736948965
H_sp_str_HMSC073C03_id_GCA_001814055_1	22	15	Bacteria	Proteobacteria	Gammaproteobacteria	Enterobacterales	Pasteurellaceae	Haemophilus	None	1.1770196078645445	0.50935194591841	0.07179568385606873	0.0028998115122517033	0.027791391972220216	0.03643809803613671	0.593679505358616
H_sp_str_HMSC61B11_id_GCA_001838615_1	22	14	Bacteria	Proteobacteria	Gammaproteobacteria	Enterobacterales	Pasteurellaceae	Haemophilus	None	0.9342015031862794	0.45854844007241263	0.08496202073788281	0.08729530191858535	0.19866537831745273	0.12858783082521577	1.6075818907834256
H_sp_str_HMSC71H05_id_GCA_001838635_1	22	14	Bacteria	Proteobacteria	Gammaproteobacteria	Enterobacterales	Pasteurellaceae	Haemophilus	None	1.1832258914249711	0.5955072151849014	0.20680266381053522	0.07568764568764569	0.4576326522558819	0.10341018617996718	1.7165559886731676
H_sp_str_Marseille_Q0026_id_GCA_916856725_1	22	15	Bacteria	Proteobacteria	Gammaproteobacteria	Enterobacterales	Pasteurellaceae	Haemophilus	None	0.04503886417488083	0.0	0.0	0.0	0.0	0.0	0.0029860650298606504
H_sp_HMT_036_str_F0629_id_GCA_002998595_1	22	14	Bacteria	Proteobacteria	Gammaproteobacteria	Enterobacterales	Pasteurellaceae	Haemophilus	None	0.006359212563592126	0.06797327893788685	0.0	0.0	0.12243281841475971	0.0	0.013946280991735538
H_sp_str_F0397_id_GCA_000242295_1	22	11	Bacteria	Proteobacteria	Gammaproteobacteria	Enterobacterales	Pasteurellaceae	Haemophilus	None	0.04474164923350294	0.04683096753992277	0.0	0.0	0.0	0.0	0.05521818751126757
H_sp_str_SZY_H36_id_GCA_018829625_1	22	12	Bacteria	Proteobacteria	Gammaproteobacteria	Enterobacterales	Pasteurellaceae	Haemophilus	None	0.09612875163114398	0.03321359328667187	0.0	0.0	0.06069093949528732	0.04252203561093892	0.0
H_sp_str_SZY_H8_id_GCA_018829755_1	22	22	Bacteria	Proteobacteria	Gammaproteobacteria	Enterobacterales	Pasteurellaceae	None	None	0.017038556672920736	0.05214582371942778	0.017731207851730685	0.0	0.1007994475786048	0.0	0.3886813120561951
H_sputorum_str_C2015005679_id_GCA_003252875_1	22	16	Bacteria	Proteobacteria	Gammaproteobacteria	Enterobacterales	Pasteurellaceae	Haemophilus	Haemophilus sputorum	0.689312351103574	0.08665732272723238	0.04302783591104759	0.0	0.0	0.1624990480147689	1.6596576901619502
H_sputorum_str_C2002001239_id_GCA_003252715_1	22	16	Bacteria	Proteobacteria	Gammaproteobacteria	Enterobacterales	Pasteurellaceae	Haemophilus	Haemophilus sputorum	1.13517837481103	0.3837740772044835	0.08352232899366403	0.04967709885742673	0.0	0.2696279592498405	1.4140888090875758
H_sputorum_str_CCUG_13788_id_GCA_000238795_2	22	17	Bacteria	Proteobacteria	Gammaproteobacteria	Enterobacterales	Pasteurellaceae	Haemophilus	Haemophilus sputorum	1.4276721879915566	0.277100669453316	0.1811470233356508	0.01078582434514638	0.0	0.3404298364605955	2.075526526341864
A_sp_HMT_458_str_W10330_id_GCA_000466335_1	22	16	Bacteria	Proteobacteria	Gammaproteobacteria	Enterobacterales	Pasteurellaceae	Aggregatibacter	None	0.08158402332131146	0.1404426248621304	0.5281320646223636	0.10790855095939843	0.04218850650329619	0.0	0.6883381319774683
A_sp_str_Marseille_P9115_id_GCA_920939465_1	22	16	Bacteria	Proteobacteria	Gammaproteobacteria	Enterobacterales	Pasteurellaceae	Aggregatibacter	None	0.06585109438495261	0.04577606301744233	0.025484649788744804	0.0	0.0	0.0024330900243309003	0.0303533950272058
A_sp_str_2125159857_id_GCA_017798005_1	22	15	Bacteria	Proteobacteria	Gammaproteobacteria	Enterobacterales	Pasteurellaceae	Aggregatibacter	None	0.12178330984075546	0.18334293078677985	0.314148247372289	0.03396318649503363	0.04356858640298131	0.0	1.1003104320706196
A_segnis_str_C2001002503_id_GCA_003252685_1	22	16	Bacteria	Proteobacteria	Gammaproteobacteria	Enterobacterales	Pasteurellaceae	Aggregatibacter	None	0.0024865363672593437	0.03572218535722185	0.0033905488450943	0.0	0.0	0.0	0.015834015834015832
A_segnis_str_PN_651_id_GCA_003130325_1	22	16	Bacteria	Proteobacteria	Gammaproteobacteria	Enterobacterales	Pasteurellaceae	Aggregatibacter	None	0.0033596837944664033	0.03476636999364272	0.06051944074505455	0.0	0.0	0.0	0.06984765602684445
A_segnis_str_HK_296_id_GCA_003130075_1	22	16	Bacteria	Proteobacteria	Gammaproteobacteria	Enterobacterales	Pasteurellaceae	Aggregatibacter	None	0.03031350323471949	0.0458692029046444	0.05623543123543124	0.0	0.026208026208026206	0.0	0.08858659588586595
A_segnis_str_PN_450_id_GCA_003130345_1	22	16	Bacteria	Proteobacteria	Gammaproteobacteria	Enterobacterales	Pasteurellaceae	Aggregatibacter	None	0.040693175701790936	0.004242424242424243	0.02125983388654705	0.0	0.0190223401902234	0.0	0.011723070117230701
A_segnis_str_C2000002669_id_GCA_003252645_1	22	17	Bacteria	Proteobacteria	Gammaproteobacteria	Enterobacterales	Pasteurellaceae	Aggregatibacter	None	0.0470050022969731	0.0	0.009288537549407115	0.0	0.0	0.0	0.01674641148325359
A_segnis_str_933_AAPH_id_GCA_001059425_1	22	16	Bacteria	Proteobacteria	Gammaproteobacteria	Enterobacterales	Pasteurellaceae	Aggregatibacter	None	0.025794293234348984	0.042112497127520736	0.017619612855585443	0.0	0.0	0.0	0.046264168401572985
A_sp_str_W11186_id_GCA_018128305_1	22	16	Bacteria	Proteobacteria	Gammaproteobacteria	Enterobacterales	Pasteurellaceae	Aggregatibacter	None	0.030387659336041463	0.03115700997056929	0.051704900051061896	0.0	0.020833333333333332	0.0	0.08901420205196499
A_aphrophilus_str_FDAARGOS_248_id_GCA_002083125_2	22	22	Bacteria	Proteobacteria	Gammaproteobacteria	Enterobacterales	Pasteurellaceae	None	None	0.17186253044542776	0.30266223285984695	0.03338905649724542	0.0	0.0	0.0	0.027538155275381556
A_aphrophilus_str_C2008003249_id_GCA_003252995_1	22	22	Bacteria	Proteobacteria	Gammaproteobacteria	Enterobacterales	Pasteurellaceae	None	None	3.242606835780102	0.35160109581963633	0.0	0.0	0.0	0.0	0.022005772005772004
A_aphrophilus_str_C2010020251_id_GCA_003252835_1	22	15	Bacteria	Proteobacteria	Gammaproteobacteria	Enterobacterales	Pasteurellaceae	Aggregatibacter	None	0.8203302127615455	0.1270749113995837	0.0150409201504092	0.01885264862364099	0.0	0.0	0.021512838306731438
A_aphrophilus_str_ATCC_7901_id_GCA_001680805_1	22	14	Bacteria	Proteobacteria	Gammaproteobacteria	Enterobacterales	Pasteurellaceae	Aggregatibacter	None	0.22178391080845786	0.05058465545597456	0.05266857654252474	0.0	0.0	0.0092899800928998	0.007768361581920904
A_aphrophilus_str_PN_517_id_GCA_003130125_1	22	14	Bacteria	Proteobacteria	Gammaproteobacteria	Enterobacterales	Pasteurellaceae	Aggregatibacter	None	0.4611433015396035	0.07363517586447522	0.0	0.0010330578512396695	0.0	0.0	0.03535943827773332
A_aphrophilus_str_HK_319_id_GCA_003130365_1	22	14	Bacteria	Proteobacteria	Gammaproteobacteria	Enterobacterales	Pasteurellaceae	Aggregatibacter	None	0.16336941582715314	0.044411170966194895	0.0015408320493066256	0.01587995337995338	0.0	0.0	0.0
A_aphrophilus_str_HK83_id_GCA_003703745_1	22	14	Bacteria	Proteobacteria	Gammaproteobacteria	Enterobacterales	Pasteurellaceae	Aggregatibacter	None	0.28627233241904576	0.08187645687645688	0.0	0.0	0.0	0.0	0.0
A_kilianii_str_PN_649_id_GCA_003130015_1	22	15	Bacteria	Proteobacteria	Gammaproteobacteria	Enterobacterales	Pasteurellaceae	Aggregatibacter	None	0.5819725507625898	0.026614897309148112	0.021676091054081484	0.013694638694638694	0.0	0.0	0.005783021050196623
A_kilianii_str_PN_528_id_GCA_003130255_1	22	22	Bacteria	Proteobacteria	Gammaproteobacteria	Enterobacterales	Pasteurellaceae	None	None	1.5250034434096682	0.07983623692336471	0.0	0.0010330578512396695	0.0	0.0	0.0
A_kilianii_str_PN_491_id_GCA_003129965_1	22	9	Bacteria	Proteobacteria	Gammaproteobacteria	Enterobacterales	Pasteurellaceae	Aggregatibacter	Aggregatibacter kilianii	0.022113022113022116	0.05608974358974359	0.0	0.0	0.0	0.04401154401154401	0.0
A_actinomycetemcomitans_str_SA15_id_GCA_021309365_1	22	22	Bacteria	Proteobacteria	Gammaproteobacteria	Enterobacterales	Pasteurellaceae	None	None	0.02298407806882383	0.0	0.0	0.0	0.0	0.0	0.0
A_actinomycetemcomitans_str_ANH9776_id_GCA_001596315_1	23	19	Bacteria	Proteobacteria	Gammaproteobacteria	Enterobacterales	Pasteurellaceae	Aggregatibacter	None	0.003500368459837877	0.0	0.0	0.0	0.0	0.0	0.0
A_actinomycetemcomitans_str_HK_974_id_GCA_008085185_1	22	22	Bacteria	Proteobacteria	Gammaproteobacteria	Enterobacterales	Pasteurellaceae	None	None	0.04193642879774267	0.021224031443009547	0.0	0.0	0.018564018564018566	0.0	0.0
A_segnis_str_NCTC10977_id_GCA_900476035_1	22	16	Bacteria	Proteobacteria	Gammaproteobacteria	Enterobacterales	Pasteurellaceae	Aggregatibacter	None	0.0	0.020512820512820513	0.0	0.0	0.0	0.0	0.019792519792519794
A_aphrophilus_str_NJ8700_id_GCA_000022985_1	22	15	Bacteria	Proteobacteria	Gammaproteobacteria	Enterobacterales	Pasteurellaceae	Aggregatibacter	None	0.13909555709299398	0.1438034498353448	0.01478342797226176	0.0273000273000273	0.0	0.0	0.0
A_actinomycetemcomitans_str_NCTC_9710_id_GCA_008085305_1	22	12	Bacteria	Proteobacteria	Gammaproteobacteria	Enterobacterales	Pasteurellaceae	Aggregatibacter	Aggregatibacter actinomycetemcomitans	0.02074802074802075	0.0	0.0019907100199071004	0.009906759906759906	0.0	0.0	0.0
A_aphrophilus_str_NCTC5906_id_GCA_900636915_1	23	16	Bacteria	Proteobacteria	Gammaproteobacteria	Enterobacterales	Pasteurellaceae	Aggregatibacter	None	0.2042237621834643	0.027206335791450015	0.01820102094701637	0.036819361689575836	0.0	0.0	0.01632010081915564
