bin_name	total_scgs	supporting_scgs	t_domain	t_phylum	t_class	t_order	t_family	t_genus	t_species	TH_HC_HMP_S024_01	TH_HC_HMP_S024_02	TH_HC_HMP_S028_01	TH_HC_HMP_S028_02	TH_HC_HMP_S030_01	TH_HC_HMP_S030_02	TH_HC_HMP_S082_01	TH_HC_HMP_S117_01	TH_HC_HMP_S126_01	TH_HC_HMP_S146_01	TH_HC_HMP_S147_01	TH_HC_HMP_S153_01	TH_HC_HMP_S156_01
H_aegyptius_str_CCUG_628_id_GCA_001679305_1	22	14	Bacteria	Proteobacteria	Gammaproteobacteria	Enterobacterales	Pasteurellaceae	Haemophilus	None	0.0037602300376023	0.010801797883137596	0.13738593922117415	0.006414510064145101	0.0	0.006959547629404089	0.0	0.0	0.0	0.0	0.0	0.02116585704371964	0.0
H_aegyptius_str_ATCC_11116_id_GCA_000195005_1	22	16	Bacteria	Proteobacteria	Gammaproteobacteria	Enterobacterales	Pasteurellaceae	Haemophilus	None	0.00077416500774165	0.0	0.1127216710937641	0.0	0.0	0.0	0.0	0.0	0.0	0.0	0.0	0.0	0.0
H_ducreyi_str_CCUG_4438_id_GCA_002015155_1	22	20	Bacteria	Proteobacteria	Gammaproteobacteria	Enterobacterales	Pasteurellaceae	Haemophilus	Haemophilus ducreyi	0.0	0.0	0.0	0.0	0.0	0.0	0.0	0.0	0.0	0.0	0.0	0.0	0.0
H_ducreyi_str_VAN1_id_GCA_001647655_1	22	16	Bacteria	Proteobacteria	Gammaproteobacteria	Enterobacterales	Pasteurellaceae	Haemophilus	Haemophilus ducreyi	0.0	0.0	0.0	0.0	0.0	0.0	0.0	0.0	0.0	0.0	0.0	0.0	0.0
H_haemolyticus_str_ATCC_33390_id_GCA_004368535_1	22	22	Bacteria	Proteobacteria	Gammaproteobacteria	Enterobacterales	Pasteurellaceae	None	None	0.07138727726963022	0.057878909626599466	0.0	0.0	0.0	0.0	0.0	0.0	0.0	0.0	0.0	0.00179763739085773	0.0
H_haemolyticus_str_M19066_id_GCA_003494695_1	22	22	Bacteria	Proteobacteria	Gammaproteobacteria	Enterobacterales	Pasteurellaceae	None	None	0.08957478574703455	0.0	0.0	0.0	0.0	0.0	0.0	0.011684004221317655	0.007839589929142167	0.0	0.0	0.0	0.0
H_haemolyticus_str_60971_B_Hi_3_id_GCA_006439235_1	22	22	Bacteria	Proteobacteria	Gammaproteobacteria	Enterobacterales	Pasteurellaceae	None	None	0.021249842826606313	0.0018808777429467085	0.002966730239457512	0.0	0.0	0.0	0.007138694638694639	0.0	0.0	0.0	0.0	0.012375665047420771	0.0
H_haemolyticus_str_M26160_id_GCA_003494485_1	22	22	Bacteria	Proteobacteria	Gammaproteobacteria	Enterobacterales	Pasteurellaceae	None	None	0.0	0.012831665941713788	0.0	0.0	0.0	0.0	0.00976107226107226	0.0	0.0	0.0	0.0	0.0179763739085773	0.013121647092938959
H_haemolyticus_str_M26157_id_GCA_003494105_1	22	22	Bacteria	Proteobacteria	Gammaproteobacteria	Enterobacterales	Pasteurellaceae	None	None	0.035268114549298485	0.0	0.0	0.010727715107277151	0.0	0.0	0.0	0.007684500507467015	0.008336958097723647	0.0	0.0	0.018753973299427847	0.0
H_haemolyticus_str_M11818_id_GCA_003494635_1	22	22	Bacteria	Proteobacteria	Gammaproteobacteria	Enterobacterales	Pasteurellaceae	None	None	0.0004976775049767751	0.02348270248006019	0.0	0.0	0.0	0.0	0.0	0.00027648750276487504	0.0	0.0	0.0	0.0	0.0
H_haemolyticus_str_M19080_id_GCA_003494285_1	22	22	Bacteria	Proteobacteria	Gammaproteobacteria	Enterobacterales	Pasteurellaceae	None	None	0.0	0.03443526170798898	0.04797979797979798	0.0	0.0	0.0	0.011005578169757274	0.0	0.0	0.0	0.0	0.0	0.0
H_haemolyticus_str_M26164_id_GCA_003494525_1	22	22	Bacteria	Proteobacteria	Gammaproteobacteria	Enterobacterales	Pasteurellaceae	None	None	0.03542780748663102	0.05791788856304985	0.0	0.0	0.0	0.012890094979647217	0.0	0.0	0.0	0.0	0.0	0.0	0.0
H_haemolyticus_str_M25342_id_GCA_003493465_1	22	11	Bacteria	Proteobacteria	Gammaproteobacteria	Enterobacterales	Pasteurellaceae	Haemophilus	None	0.040865082358858294	0.0400898941568798	0.001985370950888192	0.0	0.0	0.0	0.0	0.0	0.0	0.0	0.0	0.0	0.0
H_haemolyticus_str_M28908_id_GCA_003494545_1	22	11	Bacteria	Proteobacteria	Gammaproteobacteria	Enterobacterales	Pasteurellaceae	Haemophilus	None	0.0	0.007447354904982023	0.03431868212890111	0.0	0.0	0.0	0.0073873058947685815	0.0	0.0	0.0	0.0	0.0	0.0
H_haemolyticus_str_M19099_id_GCA_003490935_1	22	22	Bacteria	Proteobacteria	Gammaproteobacteria	Enterobacterales	Pasteurellaceae	None	None	0.007914970601537766	0.008668777325493744	0.050719054956343095	0.0	0.0	0.0	0.0	0.0	0.0	0.0	0.0	0.0	0.0
H_haemolyticus_str_M26156_id_GCA_003490655_1	22	22	Bacteria	Proteobacteria	Gammaproteobacteria	Enterobacterales	Pasteurellaceae	None	None	0.0	0.0	0.005287940646099745	0.0	0.0	0.03462191002360966	0.0101763907734057	0.0	0.0	0.0	0.0	0.0	0.0
H_haemolyticus_str_M19071_id_GCA_003493965_1	22	22	Bacteria	Proteobacteria	Gammaproteobacteria	Enterobacterales	Pasteurellaceae	None	None	0.0	0.09137230425373927	0.0	0.0	0.00999622783855149	0.06774034454726313	0.0	0.012034217775844569	0.0	0.0	0.0	0.0	0.0
H_haemolyticus_str_M26174_id_GCA_003493245_1	22	22	Bacteria	Proteobacteria	Gammaproteobacteria	Enterobacterales	Pasteurellaceae	None	None	0.09228650137741047	0.020509870466292737	0.00743006993006993	0.0	0.0	0.0	0.0	0.0	0.0	0.0	0.0	0.0	0.0
H_haemolyticus_str_M19155_id_GCA_003490305_1	22	13	Bacteria	Proteobacteria	Gammaproteobacteria	Enterobacterales	Pasteurellaceae	Haemophilus	None	0.09837459426416556	0.04807916341159218	0.0	0.0	0.0	0.06962364269805167	0.0	0.014331398458480889	0.0	0.0	0.0	0.036855036855036855	0.0
H_haemolyticus_str_HI2028_id_GCA_004368395_1	22	22	Bacteria	Proteobacteria	Gammaproteobacteria	Enterobacterales	Pasteurellaceae	None	None	0.15164996187496904	0.04269972451790634	0.0	0.0	0.0	0.027680652680652677	0.008989415687980281	0.0	0.004873913964823056	0.0	0.0	0.012694512694512694	0.0
H_haemolyticus_str_65117_B_Hi_3_id_GCA_006439285_1	22	11	Bacteria	Proteobacteria	Gammaproteobacteria	Enterobacterales	Pasteurellaceae	Haemophilus	None	0.05648133552517997	0.03443526170798898	0.0	0.0	0.0	0.0037697549659272147	0.0	0.0	0.0	0.0	0.0	0.02765752765752766	0.0
H_haemolyticus_str_M19122_id_GCA_003493365_1	22	22	Bacteria	Proteobacteria	Gammaproteobacteria	Enterobacterales	Pasteurellaceae	None	None	0.029808263192819474	0.0373514979338843	0.018158686097617397	0.0	0.0	0.04319581040074549	0.0	0.0	0.0	0.0	0.0	0.0	0.0
H_haemolyticus_str_M19140_id_GCA_003490235_1	22	12	Bacteria	Proteobacteria	Gammaproteobacteria	Enterobacterales	Pasteurellaceae	Haemophilus	None	0.03443526170798898	0.0	0.0	0.0	0.0	0.010183697683697684	0.0	0.0	0.0	0.0	0.0	0.0	0.0
H_haemolyticus_str_M26166_id_GCA_003492745_1	22	22	Bacteria	Proteobacteria	Gammaproteobacteria	Enterobacterales	Pasteurellaceae	None	None	0.14531057178116003	0.02899811512251704	0.0001721763085399449	0.0	0.0	0.006676938880328711	0.026671206446487346	0.0	0.0	0.0	0.0	0.0	0.031508264462809916
H_haemolyticus_str_60982_B_Hi_1_id_GCA_006439215_1	22	22	Bacteria	Proteobacteria	Gammaproteobacteria	Enterobacterales	Pasteurellaceae	None	None	0.0	0.0	0.04148713239622331	0.0	0.004662004662004662	0.0	0.0	0.006708879843208201	0.0	0.0	0.0	0.0	0.0
H_haemolyticus_str_60824_B_Hi_4_id_GCA_006439315_1	21	21	Bacteria	Proteobacteria	Gammaproteobacteria	Enterobacterales	Pasteurellaceae	None	None	0.016676524139210707	0.0	0.013903371567605143	0.0	0.0	0.0	0.0	0.0	0.0	0.0	0.0	0.0	0.0
H_haemolyticus_str_CCUG_39154_id_GCA_001679445_1	22	22	Bacteria	Proteobacteria	Gammaproteobacteria	Enterobacterales	Pasteurellaceae	None	None	0.0	0.040452370595911266	0.0064062374407201994	0.0	0.0	0.015673981191222573	0.0035428916025930955	0.0	0.0	0.0	0.0	0.0008346173600410889	0.0
H_haemolyticus_str_60819_B_Hi_1_id_GCA_006439245_1	22	11	Bacteria	Proteobacteria	Gammaproteobacteria	Enterobacterales	Pasteurellaceae	Haemophilus	None	0.0	0.07240067531203692	0.0	0.0	0.0	0.03844104784351808	0.0	0.0	0.0	0.0	0.0	0.0	0.0
H_haemolyticus_str_M19197_id_GCA_003492365_1	22	12	Bacteria	Proteobacteria	Gammaproteobacteria	Enterobacterales	Pasteurellaceae	Haemophilus	None	0.05099930786837164	0.0486587065534434	0.0	0.0	0.0	0.048133168919685776	0.0	0.0	0.0	0.0	0.0	0.002197547999074717	0.0
H_haemolyticus_str_M19079_id_GCA_003490595_1	22	12	Bacteria	Proteobacteria	Gammaproteobacteria	Enterobacterales	Pasteurellaceae	Haemophilus	None	0.05685783012382613	0.00034965034965034965	0.0	0.0	0.012567535823349775	0.05750099383820313	0.0	0.01937984496124031	0.0	0.0	0.0	0.028554778554778556	0.0
H_haemolyticus_str_M26161_id_GCA_003493685_1	22	11	Bacteria	Proteobacteria	Gammaproteobacteria	Enterobacterales	Pasteurellaceae	Haemophilus	None	0.04900074137737496	0.08346089391488301	0.0	0.0	0.0	0.006463233735961008	0.0	0.0	0.0	0.0	0.0	0.11033522976198135	0.0
H_haemolyticus_str_CCUG_24149_id_GCA_001679135_1	22	22	Bacteria	Proteobacteria	Gammaproteobacteria	Enterobacterales	Pasteurellaceae	None	None	0.0	0.0	0.0	0.0	0.0	0.0	0.0	0.0	0.0	0.0	0.0	0.01919962988665279	0.0
H_haemolyticus_str_M19187_id_GCA_003493605_1	22	22	Bacteria	Proteobacteria	Gammaproteobacteria	Enterobacterales	Pasteurellaceae	None	None	0.005502789084878637	0.005457113507960965	0.01365001365001365	0.0	0.0	0.0	0.0	0.004975124378109453	0.0	0.0	0.0	0.0	0.0
H_haemolyticus_str_Haemophilus_haemolyticus_BgEED18_id_GCA_901873495_1	22	22	Bacteria	Proteobacteria	Gammaproteobacteria	Enterobacterales	Pasteurellaceae	None	None	0.06480425009936543	0.004903809883062995	0.0	0.0	0.0	0.0	0.0	0.0	0.0	0.0	0.0	0.0	0.01786521935775667
H_haemolyticus_str_M19164_id_GCA_003491025_1	22	12	Bacteria	Proteobacteria	Gammaproteobacteria	Enterobacterales	Pasteurellaceae	Haemophilus	None	0.047371784630132606	0.00042560435818862785	0.0	0.0	0.0	0.013897596656217344	0.0	0.0	0.0	0.0	0.0	0.0	0.0
H_haemolyticus_str_CCUG_15949_id_GCA_006439275_1	22	22	Bacteria	Proteobacteria	Gammaproteobacteria	Enterobacterales	Pasteurellaceae	None	None	0.0753279797406389	0.0	0.0	0.0	0.0	0.03443526170798898	0.0	0.006708879843208201	0.00946969696969697	0.0	0.0	0.0	0.0
H_haemolyticus_str_M26167_id_GCA_003493125_1	22	22	Bacteria	Proteobacteria	Gammaproteobacteria	Enterobacterales	Pasteurellaceae	None	None	0.06786441489998803	0.014208273520408498	0.011391285113912852	0.0	0.0	0.07056086019473432	0.0	0.0	0.0	0.0	0.0	0.0	0.0
H_haemolyticus_str_11P18_id_GCA_001008205_1	22	22	Bacteria	Proteobacteria	Gammaproteobacteria	Enterobacterales	Pasteurellaceae	None	None	0.053734840568696374	0.08908150495667456	0.0	0.0	0.0	0.018999518999519	0.0	0.0	0.0	0.0	0.0	0.0	0.0
H_haemolyticus_str_16_549009_id_GCA_004362455_1	22	22	Bacteria	Proteobacteria	Gammaproteobacteria	Enterobacterales	Pasteurellaceae	None	None	0.06081194722343048	0.09612875163114397	0.0	0.0	0.0	0.02602580832245904	0.0	0.0	0.0	0.0	0.0	0.0	0.0
H_haemolyticus_str_CCUG_30218_id_GCA_006439145_1	22	22	Bacteria	Proteobacteria	Gammaproteobacteria	Enterobacterales	Pasteurellaceae	None	None	0.0	0.019893592412676384	0.004921829762594094	0.0	0.0	0.03443526170798898	0.0	0.0	0.0	0.0	0.0	0.018026985180269853	0.0
H_haemolyticus_str_CCUG30047_id_GCA_013401795_1	22	22	Bacteria	Proteobacteria	Gammaproteobacteria	Enterobacterales	Pasteurellaceae	None	None	0.009196442032262928	0.0	0.0035943375359433756	0.0	0.0	0.0	0.0	0.0	0.0	0.0	0.0	0.0	0.0
H_haemolyticus_str_S32F2_id_GCA_013401805_1	22	22	Bacteria	Proteobacteria	Gammaproteobacteria	Enterobacterales	Pasteurellaceae	None	None	0.30247605565740043	0.19189753655479966	0.0217441591487393	0.0	0.0	0.12921503754475128	0.02604512276045123	0.013556618819776713	0.003995175636966682	0.0	0.0	0.0	0.025680534155110426
H_haemolyticus_str_1P26_id_GCA_001008215_1	22	11	Bacteria	Proteobacteria	Gammaproteobacteria	Enterobacterales	Pasteurellaceae	Haemophilus	None	0.034000289981151226	0.015734265734265732	0.0	0.0	0.0	0.02716352716352716	0.0	0.0	0.0	0.0	0.0	0.0	0.0
H_haemolyticus_str_PN24_id_GCA_013401825_1	22	22	Bacteria	Proteobacteria	Gammaproteobacteria	Enterobacterales	Pasteurellaceae	None	None	0.021186973469131145	0.03443526170798898	0.021157521157521158	0.0	0.0	0.031408980314089806	0.0	0.0	0.0	0.0	0.0	0.004662004662004662	0.0
H_haemolyticus_str_27P25_id_GCA_001008275_1	23	12	Bacteria	Proteobacteria	Gammaproteobacteria	Enterobacterales	Pasteurellaceae	Haemophilus	None	0.010172798216276478	0.0	0.0	0.0	0.0	0.0	0.0	0.0	0.0	0.0	0.0	0.0	0.0
H_haemolyticus_str_3P5_id_GCA_001008225_1	22	22	Bacteria	Proteobacteria	Gammaproteobacteria	Enterobacterales	Pasteurellaceae	None	None	0.03741333927722559	0.01584022038567493	0.040457928424733405	0.0	0.0	0.024780737128091267	0.0	0.0	0.0	0.0	0.011072261072261072	0.0	0.0
H_haemolyticus_str_CCUG_31732_id_GCA_006439125_1	22	22	Bacteria	Proteobacteria	Gammaproteobacteria	Enterobacterales	Pasteurellaceae	None	None	0.03409090909090909	0.020672829994863893	0.0	0.0	0.0	0.036632585213586394	0.0	0.0	0.0	0.0	0.0	0.0	0.0
H_haemolyticus_str_NCTC10839_id_GCA_900477945_1	22	22	Bacteria	Proteobacteria	Gammaproteobacteria	Enterobacterales	Pasteurellaceae	None	None	0.0	0.06918449197860962	0.007756995795273307	0.0	0.0	0.028952676470544902	0.0	0.0	0.0	0.0	0.0	0.019878514203022432	0.0
H_haemolyticus_str_M19345_id_GCA_003351405_1	22	22	Bacteria	Proteobacteria	Gammaproteobacteria	Enterobacterales	Pasteurellaceae	None	None	0.0	0.0	0.0084052200840522	0.0	0.0	0.0	0.0	0.0	0.0	0.0	0.0	0.0	0.0
H_haemolyticus_str_2019_19_id_GCA_019973675_1	22	22	Bacteria	Proteobacteria	Gammaproteobacteria	Enterobacterales	Pasteurellaceae	None	None	0.003552269102508337	0.019792519792519794	0.0	0.020449247721974994	0.025953313034652748	0.10026098303610266	0.0053520277400874415	0.037947037947037944	0.0	0.0	0.0	0.0	0.0
H_haemolyticus_str_M19107_id_GCA_000222005_2	22	22	Bacteria	Proteobacteria	Gammaproteobacteria	Enterobacterales	Pasteurellaceae	None	None	0.051937645687645695	0.0410149637984463	0.01050652510506525	0.0	0.0	0.0	0.013482280431432974	0.0	0.0	0.0	0.0	0.0	0.005029548598013328
H_haemolyticus_str_M19501_id_GCA_000222025_2	26	26	Bacteria	Proteobacteria	Gammaproteobacteria	Enterobacterales	Pasteurellaceae	None	None	0.03802367235203056	0.052687038988408846	0.0	0.0	0.0	0.0	0.002620250795433277	0.0	0.0	0.0	0.0	0.0	0.0
H_haemolyticus_str_M21127_id_GCA_000222045_2	23	12	Bacteria	Proteobacteria	Gammaproteobacteria	Enterobacterales	Pasteurellaceae	Haemophilus	None	0.0	0.041223029455888585	0.0	0.0	0.0	0.0022126341409447947	0.0	0.013507809202195019	0.0	0.0	0.0	0.0	0.0
H_haemolyticus_str_M21621_id_GCA_000222065_2	22	22	Bacteria	Proteobacteria	Gammaproteobacteria	Enterobacterales	Pasteurellaceae	None	None	0.03414528055676381	0.027373643598738225	0.0	0.0	0.0	0.0	0.008235885829246824	0.0	0.0	0.0	0.0	0.0	0.0
H_influenzae_str_M10489_id_GCA_003494325_1	22	13	Bacteria	Proteobacteria	Gammaproteobacteria	Enterobacterales	Pasteurellaceae	Haemophilus	None	0.0	0.00016589250165892502	0.12399215495858328	0.0	0.0	0.0	0.012541684790488618	0.0	0.0	0.0	0.0	0.0	0.0
H_influenzae_str_M14666_id_GCA_003494725_1	22	14	Bacteria	Proteobacteria	Gammaproteobacteria	Enterobacterales	Pasteurellaceae	Haemophilus	None	0.011316484345529988	0.0	0.18914813640658942	0.019501232419892708	0.0	0.0	0.0	0.0	0.0	0.0	0.0	0.0	0.0
H_influenzae_str_M25147_id_GCA_003496925_1	22	22	Bacteria	Proteobacteria	Gammaproteobacteria	Enterobacterales	Pasteurellaceae	None	None	0.0	0.0	0.09835572078512093	0.0	0.0	0.0	0.0	0.0	0.0	0.0	0.0	0.009137173259310663	0.0
H_influenzae_str_60295_NP_Hi1_id_GCA_004802075_1	22	14	Bacteria	Proteobacteria	Gammaproteobacteria	Enterobacterales	Pasteurellaceae	Haemophilus	None	0.0	0.0	0.0895377374385008	0.019967112990368803	0.0	0.0	0.0	0.0	0.0	0.0	0.0	0.0	0.0
H_influenzae_str_P608_8895_id_GCA_003415305_1	22	14	Bacteria	Proteobacteria	Gammaproteobacteria	Enterobacterales	Pasteurellaceae	Haemophilus	None	0.022257557408146063	0.0	0.009215198146495856	0.0202020202020202	0.0	0.005219660722053067	0.0	0.0	0.0	0.0	0.0	0.011056511056511058	0.0
H_influenzae_str_P677_2580_id_GCA_003414465_1	22	13	Bacteria	Proteobacteria	Gammaproteobacteria	Enterobacterales	Pasteurellaceae	Haemophilus	None	0.0	0.0	0.040038482552200876	0.020334155508574116	0.0	0.0	0.0	0.0	0.0	0.0	0.0	0.025478667269712044	0.0
H_influenzae_str_P645_8193_id_GCA_003414225_1	22	14	Bacteria	Proteobacteria	Gammaproteobacteria	Enterobacterales	Pasteurellaceae	Haemophilus	None	0.0	0.0	0.08622445292555582	0.0	0.0	0.008518015980702549	0.0	0.0	0.0	0.0	0.0	0.016509926854754442	0.0
H_influenzae_str_60294_NP_Hi1_id_GCA_004802405_1	22	13	Bacteria	Proteobacteria	Gammaproteobacteria	Enterobacterales	Pasteurellaceae	Haemophilus	None	0.0	0.01928374655647383	0.0582834638289103	0.0	0.0	0.0	0.0	0.0	0.0	0.0	0.0	0.0	0.0
H_influenzae_str_P603_4482_id_GCA_003415355_2	22	13	Bacteria	Proteobacteria	Gammaproteobacteria	Enterobacterales	Pasteurellaceae	Haemophilus	None	0.021676091054081484	0.0	0.0	0.0	0.0	0.02921560098593591	0.0	0.0	0.0	0.0	0.0	0.0	0.0
H_influenzae_str_60373_BAL_Hi1_id_GCA_004802295_1	22	12	Bacteria	Proteobacteria	Gammaproteobacteria	Enterobacterales	Pasteurellaceae	Haemophilus	None	0.006359212563592126	0.02636946386946387	0.0991539609680451	0.018792576932111813	0.0	0.0	0.0	0.0	0.0	0.0	0.0	0.0	0.0
H_influenzae_str_1P16H5_id_GCA_002991295_1	22	22	Bacteria	Proteobacteria	Gammaproteobacteria	Enterobacterales	Pasteurellaceae	None	None	0.0	0.0	0.20061670660557362	0.021566025215660253	0.0	0.0	0.0	0.0	0.0	0.0	0.0	0.0	0.0
H_influenzae_str_PN134_id_GCA_013402015_1	22	22	Bacteria	Proteobacteria	Gammaproteobacteria	Enterobacterales	Pasteurellaceae	None	None	0.029723068000579965	0.006098327675091161	0.028713710531892353	0.0	0.0	0.0	0.0	0.0	0.0	0.0	0.0	0.24445437341943263	0.0
H_influenzae_str_PTHi_1402_id_GCA_900407805_1	22	14	Bacteria	Proteobacteria	Gammaproteobacteria	Enterobacterales	Pasteurellaceae	Haemophilus	None	0.0007249528780629258	0.0	0.11913219996567626	0.03469812630117974	0.0	0.0	0.0	0.0	0.0	0.0	0.0	0.0	0.0
H_influenzae_str_PTHi_8273_id_GCA_900408165_1	22	15	Bacteria	Proteobacteria	Gammaproteobacteria	Enterobacterales	Pasteurellaceae	Haemophilus	None	0.0	0.0	0.08628911721623606	0.0	0.0	0.0	0.0	0.0	0.0	0.0	0.0	0.0	0.0
H_influenzae_str_60370_BAL_Hi2_id_GCA_004802355_1	22	14	Bacteria	Proteobacteria	Gammaproteobacteria	Enterobacterales	Pasteurellaceae	Haemophilus	None	0.0	0.0	0.07664710954093328	0.0	0.0	0.018378853355430325	0.01642377978255841	0.0	0.0	0.0	0.0	0.0	0.0
H_influenzae_str_P612_8066_id_GCA_003415255_1	22	14	Bacteria	Proteobacteria	Gammaproteobacteria	Enterobacterales	Pasteurellaceae	Haemophilus	None	0.0	0.01037344398340249	0.1128940197494471	0.0	0.0	0.012196655350182321	0.0	0.0	0.0	0.0	0.0	0.0	0.0
H_influenzae_str_1_id_GCA_003203015_1	22	22	Bacteria	Proteobacteria	Gammaproteobacteria	Enterobacterales	Pasteurellaceae	None	None	0.0	0.0	0.0	0.0	0.0	0.0	0.0	0.0	0.0	0.0	0.0	0.0	0.0
H_influenzae_str_PTHi_13064_id_GCA_900407625_1	22	13	Bacteria	Proteobacteria	Gammaproteobacteria	Enterobacterales	Pasteurellaceae	Haemophilus	None	0.0	0.0	0.08425782236818362	0.0	0.0	0.0	0.0	0.0	0.0	0.0	0.0	0.0	0.0
H_influenzae_str_124P40H1_id_GCA_002991045_1	22	22	Bacteria	Proteobacteria	Gammaproteobacteria	Enterobacterales	Pasteurellaceae	None	None	0.0	0.0	0.026969867115852517	0.013838383838383839	0.0	0.0	0.0	0.0	0.0	0.0	0.0	0.027997364953886692	0.0
H_influenzae_str_24_id_GCA_003203275_1	22	14	Bacteria	Proteobacteria	Gammaproteobacteria	Enterobacterales	Pasteurellaceae	Haemophilus	None	0.0	0.0	0.0726921628067687	0.01853146853146853	0.0	0.0005074670146440482	0.0	0.0	0.0	0.0	0.0	0.012383449883449882	0.0
H_influenzae_str_WAPHL1_id_GCA_002237715_1	22	22	Bacteria	Proteobacteria	Gammaproteobacteria	Enterobacterales	Pasteurellaceae	None	None	0.0	0.0	0.007038341797908093	0.0	0.0	0.0	0.0	0.0	0.0	0.0	0.01048951048951049	0.018205308902983323	0.0
H_influenzae_str_149P2H1_id_GCA_002991135_1	22	22	Bacteria	Proteobacteria	Gammaproteobacteria	Enterobacterales	Pasteurellaceae	None	None	0.054914605153839606	0.04867256637168142	0.0	0.0	0.0	0.05537776949260203	0.0	0.046176046176046176	0.0	0.0	0.0	0.16435974132435574	0.0
H_influenzae_str_HI1408_id_GCA_001184705_1	22	22	Bacteria	Proteobacteria	Gammaproteobacteria	Enterobacterales	Pasteurellaceae	None	None	0.008771929824561403	0.0	0.0	0.0	0.0	0.008119472234304771	0.0	0.0	0.0	0.0	0.0	0.01650166313087661	0.0
H_influenzae_str_PTHi_3421_id_GCA_900407925_1	22	13	Bacteria	Proteobacteria	Gammaproteobacteria	Enterobacterales	Pasteurellaceae	Haemophilus	None	0.0	0.0	0.062110653574068204	0.0	0.0	0.0	0.0	0.0	0.0	0.0	0.0	0.015236636023152877	0.0
H_influenzae_str_40P92H1_id_GCA_002985345_1	22	13	Bacteria	Proteobacteria	Gammaproteobacteria	Enterobacterales	Pasteurellaceae	Haemophilus	None	0.0094997594997595	0.0	0.11052115240273838	0.023076923076923075	0.0	0.0	0.0	0.0	0.0	0.0	0.0	0.018026985180269853	0.0
H_influenzae_str_839_HINF_id_GCA_001059185_1	22	22	Bacteria	Proteobacteria	Gammaproteobacteria	Enterobacterales	Pasteurellaceae	None	None	0.025663331883427575	0.02375102375102375	0.006592643997224149	0.0	0.01168170252139718	0.019151213896465093	0.0	0.0	0.0	0.0	0.0	0.015993265993265993	0.0
H_influenzae_str_51P4H_id_GCA_002985485_1	22	22	Bacteria	Proteobacteria	Gammaproteobacteria	Enterobacterales	Pasteurellaceae	None	None	0.015513991590546615	0.0	0.04990635954376412	0.0	0.0	0.0	0.0	0.003815527538155275	0.0	0.0	0.0	0.01919962988665279	0.0
H_influenzae_str_148P4H1_id_GCA_002985005_1	22	13	Bacteria	Proteobacteria	Gammaproteobacteria	Enterobacterales	Pasteurellaceae	Haemophilus	None	0.0	0.0	0.30379289422077393	0.03446623997471455	0.0	0.015684597167850756	0.0	0.0	0.0	0.0	0.0	0.0	0.0
H_influenzae_str_PTHi_5709_id_GCA_900408095_1	21	21	Bacteria	Proteobacteria	Gammaproteobacteria	Enterobacterales	Pasteurellaceae	None	None	0.0	0.01572112098427888	0.018631971758311924	0.0	0.0	0.0	0.0	0.0	0.0	0.0	0.0	0.0	0.0
H_influenzae_str_492_HINF_id_GCA_001076835_1	22	14	Bacteria	Proteobacteria	Gammaproteobacteria	Enterobacterales	Pasteurellaceae	Haemophilus	None	0.002820172528201725	0.0	0.08669063891091172	0.0	0.0	0.007462686567164179	0.0	0.0	0.0	0.0	0.0	0.027389277389277388	0.010294330868493547
H_influenzae_str_RHH_3_id_GCA_015694745_1	22	13	Bacteria	Proteobacteria	Gammaproteobacteria	Enterobacterales	Pasteurellaceae	Haemophilus	None	0.0	0.0	0.15683952626627787	0.006161197032566327	0.0	0.0	0.0	0.0	0.0	0.0	0.0	0.01208716377255703	0.0
H_influenzae_str_19P81H1_id_GCA_002985065_1	22	22	Bacteria	Proteobacteria	Gammaproteobacteria	Enterobacterales	Pasteurellaceae	None	None	0.012966200466200466	0.015873015873015872	0.005509641873278237	0.0	0.0	0.0	0.0	0.0	0.01791726791726792	0.0	0.0	0.04475144420796595	0.0
H_influenzae_str_40P44H1_id_GCA_002985305_1	22	13	Bacteria	Proteobacteria	Gammaproteobacteria	Enterobacterales	Pasteurellaceae	Haemophilus	None	0.0	0.0	0.0012198253723677453	0.0	0.0	0.0	0.0	0.0014499057561258516	0.0	0.0	0.0	0.0	0.0
H_influenzae_str_PTHi_2060_id_GCA_900407905_1	22	14	Bacteria	Proteobacteria	Gammaproteobacteria	Enterobacterales	Pasteurellaceae	Haemophilus	None	0.0	0.0	0.1052769900588607	0.0	0.0	0.0	0.0	0.0	0.0	0.0	0.0	0.01832276250880902	0.0
H_influenzae_str_M03842_id_GCA_003491005_1	22	13	Bacteria	Proteobacteria	Gammaproteobacteria	Enterobacterales	Pasteurellaceae	Haemophilus	None	0.009744750408650823	0.0	0.059852689689478426	0.0	0.0	0.0	0.0	0.0	0.0	0.0	0.0	0.005755226685459244	0.0
H_influenzae_str_P658_8889_id_GCA_003414605_1	22	14	Bacteria	Proteobacteria	Gammaproteobacteria	Enterobacterales	Pasteurellaceae	Haemophilus	None	0.0	0.0	0.10186371565681912	0.0	0.0	0.014637904468412942	0.0	0.0	0.0	0.0	0.0	0.0	0.0
H_influenzae_str_P596_8591_id_GCA_003415525_1	22	14	Bacteria	Proteobacteria	Gammaproteobacteria	Enterobacterales	Pasteurellaceae	Haemophilus	None	0.0	0.003815527538155275	0.09803061467369713	0.022795522795522796	0.0	0.0006784260515603799	0.0	0.0	0.0	0.0	0.0	0.0	0.0
H_influenzae_str_841_HINF_id_GCA_001058575_1	22	14	Bacteria	Proteobacteria	Gammaproteobacteria	Enterobacterales	Pasteurellaceae	Haemophilus	None	1.446890372471704	1.0386410795389356	0.02068126520681265	0.0	0.05614250614250615	0.9617279646631549	0.12234003410396599	0.18662664076295704	0.031175586199509643	0.0	0.0	0.009732360097323601	0.02173191771731918
H_influenzae_str_159_HINF_id_GCA_001055565_1	22	15	Bacteria	Proteobacteria	Gammaproteobacteria	Enterobacterales	Pasteurellaceae	Haemophilus	None	0.9633849547746131	0.4667960024249314	0.0	0.0	0.03533454356846473	0.5537884649343663	0.04180644038842014	0.012148512148512149	0.0	0.0	0.0	0.0	0.012015698622183517
H_influenzae_str_AS1_id_GCA_021391215_1	22	14	Bacteria	Proteobacteria	Gammaproteobacteria	Enterobacterales	Pasteurellaceae	Haemophilus	None	0.002174858634188778	0.010783012607830126	0.05421602431388364	0.0	0.0	0.0	0.0	0.0	0.0	0.0	0.0	0.01090523065045358	0.0
H_influenzae_str_39P18H1_id_GCA_002990315_1	22	22	Bacteria	Proteobacteria	Gammaproteobacteria	Enterobacterales	Pasteurellaceae	None	None	0.0	0.0	0.013869463869463871	0.009195402298850575	0.0	0.012092074592074592	0.0	0.0	0.0	0.0	0.0	0.8931091083422604	0.0
H_influenzae_str_39P25H_id_GCA_002991365_1	22	22	Bacteria	Proteobacteria	Gammaproteobacteria	Enterobacterales	Pasteurellaceae	None	None	0.005320379366180893	0.009430403621274992	0.03906520467030021	0.0	0.0	0.0	0.0022632968691059974	0.0	0.0	0.0	0.0	0.025545785504927487	0.0
H_influenzae_str_AS012764_id_GCA_010604085_1	22	14	Bacteria	Proteobacteria	Gammaproteobacteria	Enterobacterales	Pasteurellaceae	Haemophilus	None	0.00077416500774165	0.0009799487411427709	0.08361706234317699	0.0	0.0	0.0	0.0	0.0	0.0	0.0	0.0	0.0	0.0
H_influenzae_str_12P37H2_id_GCA_002984945_1	22	13	Bacteria	Proteobacteria	Gammaproteobacteria	Enterobacterales	Pasteurellaceae	Haemophilus	None	0.0	0.0014322327755163578	0.11655151873723014	0.025707530308136984	0.0	0.0	0.0	0.0	0.0	0.0	0.0	0.01721763085399449	0.0
H_influenzae_str_NCTC8143_id_GCA_001457655_1	22	22	Bacteria	Proteobacteria	Gammaproteobacteria	Enterobacterales	Pasteurellaceae	None	None	0.0	0.0034965034965034965	0.8863965271412543	0.09795995230896702	0.0	0.004598221016131464	0.011442223060480322	0.0	0.0	0.0	0.0	0.0	0.0
H_influenzae_str_NCTC11931_id_GCA_900475535_1	22	22	Bacteria	Proteobacteria	Gammaproteobacteria	Enterobacterales	Pasteurellaceae	None	None	0.0	0.0	0.010240334378265412	0.0	0.0	0.0	0.0	0.0	0.0	0.0	0.0	0.006060606060606061	0.0
H_influenzae_str_CHBN_IV_1_id_GCA_019703735_1	22	13	Bacteria	Proteobacteria	Gammaproteobacteria	Enterobacterales	Pasteurellaceae	Haemophilus	None	0.0	0.0	0.07979532208865091	0.0	0.0	0.0	0.0	0.0	0.0	0.0	0.0	0.0	0.0
H_influenzae_str_M21384_id_GCA_003351425_1	21	21	Bacteria	Proteobacteria	Gammaproteobacteria	Enterobacterales	Pasteurellaceae	None	None	0.0	0.029393058628749608	0.0	0.0	0.0	0.21013708513708515	0.0	0.0	0.0	0.0	0.0	0.0	0.0
H_influenzae_str_22_4_21_id_GCA_000169855_1	24	14	Bacteria	Proteobacteria	Gammaproteobacteria	Enterobacterales	Pasteurellaceae	Haemophilus	None	0.02279874213836478	0.0	0.18433461810902627	0.0	0.0	0.0	0.0	0.0	0.0	0.0	0.0	0.015134099616858238	0.0
H_influenzae_str_F3039_id_GCA_005888205_1	22	14	Bacteria	Proteobacteria	Gammaproteobacteria	Enterobacterales	Pasteurellaceae	Haemophilus	None	0.003618272274988693	0.0	0.01609114399812074	0.0	0.0	0.01727948628612772	0.0	0.0	0.0	0.0	0.0	0.010149340292880962	0.0
H_influenzae_str_CGSHiCZ412602_id_GCA_000698365_1	22	22	Bacteria	Proteobacteria	Gammaproteobacteria	Enterobacterales	Pasteurellaceae	None	None	0.0	0.0	0.03763828763828764	0.0	0.0	0.0	0.0	0.0	0.0	0.0	0.0	0.0	0.0
H_influenzae_str_PittHH_id_GCA_000169815_1	23	14	Bacteria	Proteobacteria	Gammaproteobacteria	Enterobacterales	Pasteurellaceae	Haemophilus	None	0.0	0.0	0.132880022322396	0.0	0.0	0.0	0.0	0.0	0.0	0.0	0.0	0.0	0.0
H_massiliensis_str_NA_id_GCA_000752475_1	22	15	Bacteria	Proteobacteria	Gammaproteobacteria	Enterobacterales	Pasteurellaceae	Necropsobacter	Necropsobacter massiliensis	0.006961506961506961	0.0	0.0	0.0	0.0	0.0	0.0	0.0	0.0	0.0	0.009137173259310663	0.010525098311357853	0.0
H_parahaemolyticus_str_NCTC10794_id_GCA_900450875_1	22	22	Bacteria	Proteobacteria	Gammaproteobacteria	Enterobacterales	Pasteurellaceae	None	None	0.0	0.0	0.0	0.007704160246533128	0.0	0.0	0.0	0.0	0.00101010101010101	0.012583461736004109	0.0150409201504092	0.0	0.0
H_parahaemolyticus_str_C2006000788_id_GCA_003252925_1	22	8	Bacteria	Proteobacteria	Gammaproteobacteria	Enterobacterales	Pasteurellaceae	Haemophilus	Haemophilus parahaemolyticus	0.02538838260619977	0.00539044289044289	0.0015151515151515152	0.0	0.0	0.0	0.0034965034965034965	0.0	0.11696987164697571	0.02294915684037023	0.0	0.0	0.0
H_parahaemolyticus_str_C2010039593_id_GCA_003253075_1	22	22	Bacteria	Proteobacteria	Gammaproteobacteria	Enterobacterales	Pasteurellaceae	None	None	0.020229824548395628	0.009324009324009324	0.0	0.030047667688117122	0.0	0.0	0.0	0.0	0.10542277549025253	0.0	0.007290478001775073	0.0	0.0
H_parahaemolyticus_str_G321_id_GCA_000826045_1	22	22	Bacteria	Proteobacteria	Gammaproteobacteria	Enterobacterales	Pasteurellaceae	None	None	0.0	0.0	0.0	0.020960618070408107	0.0	0.0	0.008072528564331842	0.0	0.06695212999560826	0.0	0.0	0.01827710348060291	0.0
H_parahaemolyticus_str_NCTC_8479_id_GCA_900450675_1	22	10	Bacteria	Proteobacteria	Gammaproteobacteria	Enterobacterales	Pasteurellaceae	Haemophilus	Haemophilus parahaemolyticus	0.030594405594405596	0.026170798898071626	0.0	0.0	0.0	0.0	0.01034985129812716	0.0	0.0	0.006830601092896175	0.007575757575757575	0.00829462508294625	0.0
H_parainfluenzae_str_C2004002727_id_GCA_003252885_1	22	14	Bacteria	Proteobacteria	Gammaproteobacteria	Enterobacterales	Pasteurellaceae	Haemophilus	None	1.3125644113921013	0.6165735141650311	0.008782088399922795	0.0	0.0	0.7867628660213064	0.0815082587306226	0.18052170600380382	0.02070321535970391	0.0	0.0	0.0	0.0
H_parainfluenzae_str_C2005004058_id_GCA_003252915_1	22	15	Bacteria	Proteobacteria	Gammaproteobacteria	Enterobacterales	Pasteurellaceae	Haemophilus	None	1.3252578858933535	0.6776801848575237	0.0040858018386108275	0.0	0.02576421947785469	0.9073589586497498	0.2264988448132973	0.15655496578447065	0.00849802371541502	0.0	0.0	0.0	0.012008047277756822
H_parainfluenzae_str_C2004002729_id_GCA_003252795_1	22	14	Bacteria	Proteobacteria	Gammaproteobacteria	Enterobacterales	Pasteurellaceae	Haemophilus	None	1.863356675165492	1.0688395865155749	0.0	0.0	0.10794252425877306	1.2202098536878667	0.22315104921420448	0.19308420753479982	0.03780146961965144	0.0	0.0	0.0	0.011492039034411915
H_parainfluenzae_str_60884_B_Hi_2_id_GCA_001949895_1	22	14	Bacteria	Proteobacteria	Gammaproteobacteria	Enterobacterales	Pasteurellaceae	Haemophilus	None	1.8031685005607307	0.8599183241290529	0.0023112480739599386	0.0	0.029097796143250688	0.24596709629788596	0.029947079947079947	0.07539460930837895	0.050081103000811034	0.0	0.0	0.0	0.007901986370885893
H_parainfluenzae_str_UMB0748_id_GCA_002884755_1	22	14	Bacteria	Proteobacteria	Gammaproteobacteria	Enterobacterales	Pasteurellaceae	Haemophilus	None	1.7338860666896572	0.8052545850272094	0.006369426751592356	0.0	0.02320502320502321	0.6977705945455264	0.022276728668434262	0.09973358950119078	0.04152209114041175	0.0	0.0	0.0	0.011002137558154155
H_parainfluenzae_str_ATCC_9796_id_GCA_001680775_1	22	14	Bacteria	Proteobacteria	Gammaproteobacteria	Enterobacterales	Pasteurellaceae	Haemophilus	None	1.2058252351170824	0.5473229262327906	0.0	0.0	0.08565475123548683	0.8504344572933416	0.05631197210399092	0.08642170008092051	0.009068790090687902	0.0	0.0	0.0	0.0
H_parainfluenzae_str_C2006002596_id_GCA_003252755_1	22	15	Bacteria	Proteobacteria	Gammaproteobacteria	Enterobacterales	Pasteurellaceae	Haemophilus	None	1.6632260225761968	0.772301755857383	0.0	0.0	0.01674420927460881	0.893766728168981	0.06576541200383666	0.18583748832586552	0.015004815455885438	0.0	0.02143052143052143	0.009724106739032111	0.005529750055297501
H_parainfluenzae_str_65114_B_Hi_3_id_GCA_001949885_1	22	14	Bacteria	Proteobacteria	Gammaproteobacteria	Enterobacterales	Pasteurellaceae	Haemophilus	None	1.6548802930572968	0.6810774247677095	0.0014930325149303252	0.0	0.0	0.3130982132081161	0.06347257812059642	0.05835847511502365	0.025677312887996552	0.0	0.0	0.0	0.0
H_parainfluenzae_str_Haemophilus_parainfluenzae_BgEED17_id_GCA_901873375_1	22	14	Bacteria	Proteobacteria	Gammaproteobacteria	Enterobacterales	Pasteurellaceae	Haemophilus	None	1.3387763896038054	0.7757244510753826	0.0	0.0	0.031077195310771955	0.34529511915345995	0.09311001475462803	0.02817705408946285	0.0877221762638784	0.0	0.0	0.0	0.0
H_parainfluenzae_str_209_HPAR_id_GCA_001055885_1	22	14	Bacteria	Proteobacteria	Gammaproteobacteria	Enterobacterales	Pasteurellaceae	Haemophilus	None	2.2829825546326306	0.9887917617396728	0.0	0.0	0.011748844375963019	1.0786360340715153	0.20963460742399825	0.320808589625977	0.02376595345345345	0.0	0.0	0.0	0.04879636055208574
H_parainfluenzae_str_C2004000280_id_GCA_003252725_1	22	14	Bacteria	Proteobacteria	Gammaproteobacteria	Enterobacterales	Pasteurellaceae	Haemophilus	None	2.6843834431825098	1.2470671902696535	0.02403846153846154	0.0	0.013124879366917584	0.6791493454010173	0.12724822332917854	0.08344806327885293	0.02663307485743596	0.0	0.0	0.0	0.0
H_parainfluenzae_str_CCUG_58848_id_GCA_001679405_1	22	15	Bacteria	Proteobacteria	Gammaproteobacteria	Enterobacterales	Pasteurellaceae	Haemophilus	None	1.7123192946993695	0.8489930391575494	0.035233285233285234	0.0	0.011170095111700952	0.5304987307945709	0.06758352458568416	0.05797213154645047	0.10608431287895433	0.0	0.0	0.0	0.0
H_parainfluenzae_str_M1C111_2_id_GCA_014982385_1	22	14	Bacteria	Proteobacteria	Gammaproteobacteria	Enterobacterales	Pasteurellaceae	Haemophilus	None	1.7891179540421425	0.9390564495820816	0.02939380058024126	0.0	0.007839589929142167	0.7222219452880787	0.09592069909697067	0.11233463803625086	0.0003551136363636364	0.0	0.012648754754017914	0.0	0.04366625740671542
H_parainfluenzae_str_432_HPAR_id_GCA_001055095_1	22	14	Bacteria	Proteobacteria	Gammaproteobacteria	Enterobacterales	Pasteurellaceae	Haemophilus	None	2.3220224733144343	1.2190840484788446	0.009379509379509378	0.0	0.04320536621857051	0.9675269631430035	0.20638420995383966	0.2962554621385798	0.03757747933884297	0.0	0.025723370832066484	0.0	0.019003595274781716
H_parainfluenzae_str_146_HPAR_id_GCA_001053575_1	22	14	Bacteria	Proteobacteria	Gammaproteobacteria	Enterobacterales	Pasteurellaceae	Haemophilus	None	1.6092313220359897	0.95428650210217	0.0	0.0	0.043644615724907694	1.0874768411999007	0.17438271244065928	0.18224592613197305	0.06306950625132444	0.0	0.0	0.0	0.0
H_parainfluenzae_str_M1C116_1_id_GCA_014982375_1	22	15	Bacteria	Proteobacteria	Gammaproteobacteria	Enterobacterales	Pasteurellaceae	Haemophilus	None	2.029119246915293	0.7617773759571502	0.0	0.0	0.002562942861450324	1.2663933617124454	0.06896144011994228	0.007703262325758475	0.02363303379494365	0.0	0.0	0.0	0.02478532227627638
H_parainfluenzae_str_C2008001710_id_GCA_003252775_1	22	14	Bacteria	Proteobacteria	Gammaproteobacteria	Enterobacterales	Pasteurellaceae	Haemophilus	None	2.4595557308941	0.984416101322426	0.0	0.0	0.03818526915938474	0.48530253332913725	0.23307395719220708	0.0734883054798309	0.08709052952474006	0.0	0.003552269102508337	0.0	0.04179728317659352
H_parainfluenzae_str_LC_1315_18_id_GCA_008868695_1	23	16	Bacteria	Proteobacteria	Gammaproteobacteria	Enterobacterales	Pasteurellaceae	Haemophilus	None	0.5862622086600097	0.3251894885766571	0.0	0.0	0.0	0.4394512348378484	0.010006901311249136	0.07053777067052872	0.0626424702511659	0.0	0.0	0.007757532022370558	0.014362188275231754
H_parainfluenzae_str_488_HPAR_id_GCA_001057005_1	22	14	Bacteria	Proteobacteria	Gammaproteobacteria	Enterobacterales	Pasteurellaceae	Haemophilus	None	1.3860863408087285	0.6452154633202818	0.0	0.0	0.015729817256534814	0.6764620038384316	0.03834498834498835	0.07755011952092244	0.02107243901137031	0.0	0.0	0.0	0.004149778035128353
H_parainfluenzae_str_137_HINF_id_GCA_001053535_1	22	15	Bacteria	Proteobacteria	Gammaproteobacteria	Enterobacterales	Pasteurellaceae	Haemophilus	None	1.6181178787440467	1.040072196028333	0.02913752913752914	0.0	0.015729817256534814	0.5916734147993558	0.09643088961427866	0.16550702750074883	0.019090287523840368	0.0	0.0	0.0	0.0
H_parainfluenzae_str_1128_HPAR_id_GCA_001053915_1	22	14	Bacteria	Proteobacteria	Gammaproteobacteria	Enterobacterales	Pasteurellaceae	Haemophilus	None	1.752877697412451	0.6831153038189469	0.008554443961142525	0.0	0.011363636363636364	0.454838452897274	0.049432108804162024	0.020803270803270803	0.07396601307782323	0.0	0.0	0.0	0.0
H_parainfluenzae_str_155_HPAR_id_GCA_001054475_1	22	15	Bacteria	Proteobacteria	Gammaproteobacteria	Enterobacterales	Pasteurellaceae	Haemophilus	None	1.3682015472383204	0.7205263986994459	0.028263403263403264	0.0	0.0	1.0604640317634806	0.09448512809893796	0.1233322897445035	0.03436329316323722	0.0	0.0	0.0	0.0
H_parainfluenzae_str_1209_HPAR_id_GCA_001053035_1	22	17	Bacteria	Proteobacteria	Gammaproteobacteria	Enterobacterales	Pasteurellaceae	Haemophilus	None	0.983957007756246	0.5110680387492164	0.0024396507447354905	0.0	0.0	0.4042507218350082	0.0713760198135198	0.03245024242915736	0.0	0.0	0.0	0.0	0.0
H_parainfluenzae_str_901_HPAR_id_GCA_001059815_1	22	14	Bacteria	Proteobacteria	Gammaproteobacteria	Enterobacterales	Pasteurellaceae	Haemophilus	None	1.8738967897996168	1.0945334394672426	0.0	0.0	0.02367497283245151	1.0544062752192132	0.1616931122955976	0.24395894375000865	0.030019540791402052	0.0	0.0	0.0	0.0
H_parainfluenzae_str_COPD_014_E1_O_id_GCA_009914785_1	22	14	Bacteria	Proteobacteria	Gammaproteobacteria	Enterobacterales	Pasteurellaceae	Haemophilus	None	1.3910019982019477	0.6066085866187886	0.009677062596770626	0.0	0.05027220088565902	0.6900152257569331	0.12083828101186578	0.2614010848824873	0.012348653145225662	0.0	0.0	0.0	0.027680652680652677
H_parainfluenzae_str_NCTC10672_id_GCA_900450995_1	22	14	Bacteria	Proteobacteria	Gammaproteobacteria	Enterobacterales	Pasteurellaceae	Haemophilus	None	1.2664130025526144	0.6637446920554809	0.0	0.0023112480739599386	0.0013482280431432975	0.4308209817412108	0.021329864201174897	0.08544257038608045	0.02027972027972028	0.0	0.0	0.0	0.012034217775844569
H_parainfluenzae_str_M1C137_2_id_GCA_014931395_1	22	14	Bacteria	Proteobacteria	Gammaproteobacteria	Enterobacterales	Pasteurellaceae	Haemophilus	None	1.7023165851241004	0.7841670428224653	0.015045560500105954	0.0	0.09996407475100658	1.2387062443657542	1.2075302460123651	0.2554670230311174	0.07927238968883145	0.0	0.0	0.0	0.06676656676656677
H_parainfluenzae_str_M27794_id_GCA_003390455_1	22	14	Bacteria	Proteobacteria	Gammaproteobacteria	Enterobacterales	Pasteurellaceae	Haemophilus	None	1.261494742024311	0.653665988734195	0.0	0.0	0.0444990444990445	1.11181159172558	0.19439980121901987	0.17431587903856743	0.015274695101022813	0.0	0.0	0.0	0.0
H_parainfluenzae_str_NCTC10665_id_GCA_900638025_1	22	9	Bacteria	Proteobacteria	Gammaproteobacteria	Enterobacterales	Pasteurellaceae	Haemophilus	Haemophilus parainfluenzae	0.7623741477284471	0.2984328560849748	0.0	0.0	0.006264568764568765	0.18889028550877826	0.08952349254897025	0.05510664493591863	0.0130502101305021	0.0	0.0	0.0	0.0
H_parainfluenzae_str_M1C152_1_id_GCA_014931295_1	22	15	Bacteria	Proteobacteria	Gammaproteobacteria	Enterobacterales	Pasteurellaceae	Haemophilus	None	2.8719652865524066	1.347787270907663	0.02421370255556986	0.0	0.002564102564102564	0.5645147492671758	0.17955489669235983	0.07118634144564884	0.06535913442003609	0.0	0.0	0.0	0.0
H_parainfluenzae_str_M1C160_1_id_GCA_014931275_1	22	15	Bacteria	Proteobacteria	Gammaproteobacteria	Enterobacterales	Pasteurellaceae	Haemophilus	None	3.982978530198412	2.1225773367476064	0.0	0.0	0.008959156785243743	0.4059991494051687	0.1934000092490797	0.0004662004662004662	0.05165289256198347	0.0	0.0	0.0	0.0
H_parainfluenzae_str_M1C149_1_id_GCA_014931315_1	22	14	Bacteria	Proteobacteria	Gammaproteobacteria	Enterobacterales	Pasteurellaceae	Haemophilus	None	1.794743549684933	0.8566539198490031	0.0	0.0	0.013049151805132666	0.7448305940808303	0.19365670318105102	0.29379603952439404	0.0	0.0	0.0	0.0007905138339920949	0.09946011381347077
H_parainfluenzae_str_M1C120_2_id_GCA_014931455_1	22	14	Bacteria	Proteobacteria	Gammaproteobacteria	Enterobacterales	Pasteurellaceae	Haemophilus	None	2.365727347414016	0.7990813738186785	0.0	0.0	0.018326868919495337	0.6188473788921235	0.16981195998367304	0.07038873529673394	0.057524433682511276	0.0	0.0	0.0	0.0964010024439903
H_parainfluenzae_str_M1C130_2_id_GCA_014931415_1	22	14	Bacteria	Proteobacteria	Gammaproteobacteria	Enterobacterales	Pasteurellaceae	Haemophilus	None	2.136268991780531	0.8253347895424583	0.0	0.0	0.038832486983020664	1.0052733454973062	0.21894118847451313	0.31991536953075045	0.02019451341306794	0.0	0.0	0.0	0.005474452554744526
H_parainfluenzae_str_M1C125_4_id_GCA_014931435_1	22	14	Bacteria	Proteobacteria	Gammaproteobacteria	Enterobacterales	Pasteurellaceae	Haemophilus	None	1.6980395776628319	1.2915978766065719	0.05688372968453858	0.0	0.05568962513298614	1.399245838114911	0.2708624597243609	0.47234176801446087	0.0	0.0	0.0	0.0	0.0333996903339969
H_parainfluenzae_str_M1C146_1_id_GCA_014931355_1	22	14	Bacteria	Proteobacteria	Gammaproteobacteria	Enterobacterales	Pasteurellaceae	Haemophilus	None	1.996987790671971	1.0800833322052554	0.007104538205016674	0.0	0.0075075075075075074	0.7964418579813602	0.12866346827049618	0.08967480000582903	0.004879301489470981	0.0	0.0	0.0	0.0
H_parainfluenzae_str_M1C113_1_id_GCA_014931475_1	22	15	Bacteria	Proteobacteria	Gammaproteobacteria	Enterobacterales	Pasteurellaceae	Haemophilus	None	2.146033110874817	1.4608385479233748	0.0	0.0	0.0	0.35523903726059847	0.1422228528037504	0.27967586507211367	0.07199234394288889	0.0	0.0	0.0	0.0042026100420261
H_parainfluenzae_str_M1C142_1_id_GCA_014931375_1	22	14	Bacteria	Proteobacteria	Gammaproteobacteria	Enterobacterales	Pasteurellaceae	Haemophilus	None	2.193595821190568	0.7985660747646413	0.0032392894461859977	0.0	0.0	1.2080591753519594	0.13770247749198689	0.4297275246005949	0.04193396457232335	0.0	0.0	0.0	0.00913900913900914
H_parainfluenzae_str_M1C147_1_id_GCA_014931335_1	22	14	Bacteria	Proteobacteria	Gammaproteobacteria	Enterobacterales	Pasteurellaceae	Haemophilus	None	1.9066848811792239	0.6290638545782632	0.002820172528201725	0.0	0.020934536201711776	1.5327586994798401	0.169566940327506	0.2190045671109158	0.011043123543123543	0.0	0.0	0.0	0.061607532058580515
H_parainfluenzae_str_NCTC_7857_id_GCA_900450845_1	22	14	Bacteria	Proteobacteria	Gammaproteobacteria	Enterobacterales	Pasteurellaceae	Haemophilus	None	1.6733342235881508	0.8493688054709284	0.015045560500105954	0.0	0.0	0.6229444796010069	0.06614152782035994	0.1782543049780947	0.0	0.0	0.0	0.0	0.0
H_parainfluenzae_str_HK262_id_GCA_000259485_1	22	14	Bacteria	Proteobacteria	Gammaproteobacteria	Enterobacterales	Pasteurellaceae	Haemophilus	None	1.5570780222564138	1.1629231907957729	0.0050116550116550114	0.0	0.06900202574992959	0.6257558181076716	0.12501968395952262	0.15831420835050752	0.007403404676131948	0.0	0.0	0.000943040362127499	0.06463233735961009
H_parainfluenzae_str_T3T1_id_GCA_000210895_1	22	14	Bacteria	Proteobacteria	Gammaproteobacteria	Enterobacterales	Pasteurellaceae	Haemophilus	None	1.8740274143909637	1.1503447768188348	0.0	0.0	0.020934536201711776	1.0811120627632482	0.16273838192892556	0.07663677623204687	0.050285713871346456	0.0	0.0	0.0	0.0014568764568764568
H_paraphrohaemolyticus_str_NCTC10671_id_GCA_900451065_1	22	9	Bacteria	Proteobacteria	Gammaproteobacteria	Enterobacterales	Pasteurellaceae	Haemophilus	Haemophilus paraphrohaemolyticus	0.0	0.0037878787878787876	0.0	0.0	0.0	0.0	0.0	0.0	0.022221966694519188	0.0006524575902566333	0.0	0.0	0.0
H_paraphrohaemolyticus_str_C2014016342_id_GCA_003253115_1	22	22	Bacteria	Proteobacteria	Gammaproteobacteria	Enterobacterales	Pasteurellaceae	None	None	0.0	0.0	0.0	0.0	0.0	0.0	0.0	0.0	0.005862977602108036	0.0	0.0	0.0	0.0
H_pittmaniae_str_NCTC13334_id_GCA_900186995_1	22	11	Bacteria	Proteobacteria	Gammaproteobacteria	Enterobacterales	Pasteurellaceae	Haemophilus	Haemophilus pittmaniae	0.47128410623531747	0.7682490656304565	0.0	0.0	0.0	0.17309327449928372	0.5748977230291844	0.0011059500110595002	0.0	0.0	0.0	0.0	0.0
H_seminalis_str_SZY_H1_id_GCA_006384255_1	22	22	Bacteria	Proteobacteria	Gammaproteobacteria	Enterobacterales	Pasteurellaceae	None	None	0.004567203131796433	0.06508264462809918	0.041208260953483886	0.0	0.0	0.007394519356241844	0.0	0.0	0.0	0.0	0.0	0.0	0.0
H_sp_str_C1_id_GCA_001276515_1	22	14	Bacteria	Proteobacteria	Gammaproteobacteria	Enterobacterales	Pasteurellaceae	Haemophilus	None	0.17100144173807927	0.039936951630136726	0.0	0.0	0.0	0.12067557343945867	0.0	0.0	0.0	0.0	0.0	0.03023715415019763	0.0
H_sp_str_CCUG_60358_id_GCA_001679485_1	22	15	Bacteria	Proteobacteria	Gammaproteobacteria	Enterobacterales	Pasteurellaceae	Haemophilus	None	1.2651365841303248	0.9396241068594752	0.009282009282009283	0.0	0.05248519945963128	0.406891894843549	0.13610343165889283	0.03658147408147408	0.09540486363167176	0.0	0.0	0.0	0.034549314804091874
H_sp_HMT_036_str_ccug_66565_id_GCA_001679495_1	22	12	Bacteria	Proteobacteria	Gammaproteobacteria	Enterobacterales	Pasteurellaceae	Haemophilus	None	0.0	0.011882308562806488	0.004702194357366771	0.0	0.01938880328710837	0.0	0.01232419892706974	0.0	0.0	0.0	0.0	0.015730553947114454	0.0
H_sp_str_HMSC061E01_id_GCA_001810345_1	22	14	Bacteria	Proteobacteria	Gammaproteobacteria	Enterobacterales	Pasteurellaceae	Haemophilus	None	3.009906391742008	1.2361607325972128	0.021885521885521883	0.0	0.08149436844854342	0.6612842476792765	0.12404183344802501	0.16497815274761682	0.0	0.0	0.0	0.0	0.048225702720084744
H_sp_str_HMSC066D03_id_GCA_001811025_1	22	14	Bacteria	Proteobacteria	Gammaproteobacteria	Enterobacterales	Pasteurellaceae	Haemophilus	None	1.9102589795226372	1.1285790598828234	0.0	0.0	0.018298368298368298	0.5737727214329424	0.23132286314476272	0.069848901456566	0.10454313239392682	0.0	0.0	0.0	0.0
H_sp_str_HMSC068C11_id_GCA_001815355_1	22	14	Bacteria	Proteobacteria	Gammaproteobacteria	Enterobacterales	Pasteurellaceae	Haemophilus	None	2.2111431378018924	0.9639138451483874	0.0	0.0	0.02913752913752914	1.0688137593532603	0.25622357962780956	0.14774117029348638	0.0	0.0	0.018981954375212804	0.0	0.0061771561771561765
H_sp_str_HMSC073C03_id_GCA_001814055_1	22	15	Bacteria	Proteobacteria	Gammaproteobacteria	Enterobacterales	Pasteurellaceae	Haemophilus	None	1.8333949388454933	0.7389425283460903	0.04443955291412918	0.0	0.0	0.3151347356211467	0.11368830615946565	0.16229779924183851	0.018171222716677263	0.0	0.0	0.01072522982635342	0.0035943375359433756
H_sp_str_HMSC61B11_id_GCA_001838615_1	22	14	Bacteria	Proteobacteria	Gammaproteobacteria	Enterobacterales	Pasteurellaceae	Haemophilus	None	1.8207899432725865	0.7405390750295332	0.0	0.0	0.030708666012980345	0.5770869716360791	0.07349732238957984	0.21282991958501762	0.046874014257775536	0.0	0.0	0.0	0.058340225716484936
H_sp_str_HMSC71H05_id_GCA_001838635_1	22	14	Bacteria	Proteobacteria	Gammaproteobacteria	Enterobacterales	Pasteurellaceae	Haemophilus	None	4.295702685743375	2.4742297083504976	0.04039639064085834	0.0	0.04802873944580464	0.8228050609773924	0.050508383183597336	0.5305504561968002	0.0	0.0	0.0	0.0	0.0
H_sp_str_Marseille_Q0026_id_GCA_916856725_1	22	15	Bacteria	Proteobacteria	Gammaproteobacteria	Enterobacterales	Pasteurellaceae	Haemophilus	None	0.0	0.0	0.0	0.0	0.0	0.0	0.002939846223428313	0.0	0.0	0.0	0.0	0.0	0.0
H_sp_HMT_036_str_F0629_id_GCA_002998595_1	22	14	Bacteria	Proteobacteria	Gammaproteobacteria	Enterobacterales	Pasteurellaceae	Haemophilus	None	0.057131099756524126	0.0	0.016768811712631938	0.0	0.005353535353535353	0.0	0.0	0.0	0.0	0.0	0.0	0.0	0.0
H_sp_str_F0397_id_GCA_000242295_1	22	11	Bacteria	Proteobacteria	Gammaproteobacteria	Enterobacterales	Pasteurellaceae	Haemophilus	None	0.0	0.009859359141655793	0.004662004662004662	0.0	0.03254132231404959	0.0	0.0	0.0	0.0	0.0	0.0	0.0	0.0
H_sp_str_SZY_H36_id_GCA_018829625_1	22	12	Bacteria	Proteobacteria	Gammaproteobacteria	Enterobacterales	Pasteurellaceae	Haemophilus	None	0.028418152820066697	0.0	0.0	0.0	0.0028644655510327156	0.0	0.0	0.0	0.0	0.0	0.0	0.0	0.0
H_sp_str_SZY_H8_id_GCA_018829755_1	22	22	Bacteria	Proteobacteria	Gammaproteobacteria	Enterobacterales	Pasteurellaceae	None	None	0.005307855626326964	0.0	0.0	0.0	0.0	0.0	0.010561822605618226	0.0	0.0	0.0	0.0	0.0	0.0
H_sputorum_str_C2015005679_id_GCA_003252875_1	22	16	Bacteria	Proteobacteria	Gammaproteobacteria	Enterobacterales	Pasteurellaceae	Haemophilus	Haemophilus sputorum	0.03372310117598336	0.0003852080123266564	0.0	0.0	0.0	0.01616161616161616	0.32810369523711286	0.0	0.0	0.0	0.0	0.0	0.0030303030303030303
H_sputorum_str_C2002001239_id_GCA_003252715_1	22	16	Bacteria	Proteobacteria	Gammaproteobacteria	Enterobacterales	Pasteurellaceae	Haemophilus	Haemophilus sputorum	0.07916976322770429	0.059554269318080125	0.0	0.0	0.0	0.0	0.5308736527289688	0.0	0.0	0.0	0.0	0.0	0.013278855975485188
H_sputorum_str_CCUG_13788_id_GCA_000238795_2	22	17	Bacteria	Proteobacteria	Gammaproteobacteria	Enterobacterales	Pasteurellaceae	Haemophilus	Haemophilus sputorum	0.07655220349317488	0.011505535470093475	0.0	0.0	0.0	0.0	0.502597845330326	0.0	0.0009881422924901185	0.0	0.0	0.0	0.0
A_sp_HMT_458_str_W10330_id_GCA_000466335_1	22	16	Bacteria	Proteobacteria	Gammaproteobacteria	Enterobacterales	Pasteurellaceae	Aggregatibacter	None	0.0	0.0	0.0	0.020128290201282904	0.0	0.2663078811394373	0.012674825174825176	0.016427876028179595	0.0039147455415398	0.0	0.0	0.0	0.0
A_sp_str_Marseille_P9115_id_GCA_920939465_1	22	16	Bacteria	Proteobacteria	Gammaproteobacteria	Enterobacterales	Pasteurellaceae	Aggregatibacter	None	0.0	0.0	0.0	0.0	0.0	0.01271186440677966	0.0	0.0	0.0	0.0	0.0	0.0	0.0
A_sp_str_2125159857_id_GCA_017798005_1	22	15	Bacteria	Proteobacteria	Gammaproteobacteria	Enterobacterales	Pasteurellaceae	Aggregatibacter	None	0.01311188811188811	0.0	0.0	0.0	0.005555555555555556	0.17627969931963416	0.0	0.0	0.0	0.0	0.0	0.0	0.0
A_segnis_str_C2001002503_id_GCA_003252685_1	22	16	Bacteria	Proteobacteria	Gammaproteobacteria	Enterobacterales	Pasteurellaceae	Aggregatibacter	None	0.0	0.0	0.0	0.0	0.0	0.0	0.0	0.0	0.016701101928374654	0.0	0.0	0.0	0.0
A_segnis_str_PN_651_id_GCA_003130325_1	22	16	Bacteria	Proteobacteria	Gammaproteobacteria	Enterobacterales	Pasteurellaceae	Aggregatibacter	None	0.0	0.0	0.0	0.0	0.0	0.0	0.0	0.0	0.0	0.0	0.0	0.0	0.01653944020356234
A_segnis_str_HK_296_id_GCA_003130075_1	22	16	Bacteria	Proteobacteria	Gammaproteobacteria	Enterobacterales	Pasteurellaceae	Aggregatibacter	None	0.0	0.0	0.0	0.0	0.0	0.0	0.0	0.0	0.0	0.0	0.0	0.0	0.0
A_segnis_str_PN_450_id_GCA_003130345_1	22	16	Bacteria	Proteobacteria	Gammaproteobacteria	Enterobacterales	Pasteurellaceae	Aggregatibacter	None	0.0	0.0	0.0	0.0	0.0	0.00873700508737005	0.0	0.0	0.020260540167640364	0.0	0.0	0.0	0.008937691521961185
A_segnis_str_C2000002669_id_GCA_003252645_1	22	17	Bacteria	Proteobacteria	Gammaproteobacteria	Enterobacterales	Pasteurellaceae	Aggregatibacter	None	0.010343822843822844	0.0	0.0	0.0	0.00815356959424756	0.01341162824416413	0.0	0.0	0.0	0.0	0.0	0.0	0.0
A_segnis_str_933_AAPH_id_GCA_001059425_1	22	16	Bacteria	Proteobacteria	Gammaproteobacteria	Enterobacterales	Pasteurellaceae	Aggregatibacter	None	0.0	0.0	0.0	0.0	0.0	0.01979143977806707	0.0	0.0	0.011343618213847221	0.0	0.0	0.0	0.0
A_sp_str_W11186_id_GCA_018128305_1	22	16	Bacteria	Proteobacteria	Gammaproteobacteria	Enterobacterales	Pasteurellaceae	Aggregatibacter	None	0.0	0.001443001443001443	0.0	0.0	0.0	0.04168136284924606	0.0	0.0	0.0	0.0	0.0	0.0	0.007409865074098651
A_aphrophilus_str_FDAARGOS_248_id_GCA_002083125_2	22	22	Bacteria	Proteobacteria	Gammaproteobacteria	Enterobacterales	Pasteurellaceae	None	None	0.0	0.0	0.0	0.0	0.0	0.014197923288832381	0.0	0.0	0.0	0.0	0.0	0.025166923472008218	0.0
A_aphrophilus_str_C2008003249_id_GCA_003252995_1	22	22	Bacteria	Proteobacteria	Gammaproteobacteria	Enterobacterales	Pasteurellaceae	None	None	0.1066846093264028	0.0	0.0	0.0	0.0	0.0	0.0	0.0	0.0	0.0	0.0	0.0	0.0
A_aphrophilus_str_C2010020251_id_GCA_003252835_1	22	15	Bacteria	Proteobacteria	Gammaproteobacteria	Enterobacterales	Pasteurellaceae	Aggregatibacter	None	0.0	0.0	0.0	0.0	0.0	0.0	0.0	0.0	0.0	0.0	0.0	0.0	0.0
A_aphrophilus_str_ATCC_7901_id_GCA_001680805_1	22	14	Bacteria	Proteobacteria	Gammaproteobacteria	Enterobacterales	Pasteurellaceae	Aggregatibacter	None	0.004428904428904429	0.0	0.0	0.0	0.0	0.0	0.0	0.0	0.0	0.0	0.0	0.017016317016317017	0.0
A_aphrophilus_str_PN_517_id_GCA_003130125_1	22	14	Bacteria	Proteobacteria	Gammaproteobacteria	Enterobacterales	Pasteurellaceae	Aggregatibacter	None	0.0	0.0	0.0	0.0	0.0	0.0	0.0	0.0	0.0	0.0	0.0	0.017891718986609496	0.0
A_aphrophilus_str_HK_319_id_GCA_003130365_1	22	14	Bacteria	Proteobacteria	Gammaproteobacteria	Enterobacterales	Pasteurellaceae	Aggregatibacter	None	0.0	0.0	0.0	0.0	0.0	0.0	0.0	0.0	0.0	0.0	0.0	0.05263792603891085	0.0
A_aphrophilus_str_HK83_id_GCA_003703745_1	22	14	Bacteria	Proteobacteria	Gammaproteobacteria	Enterobacterales	Pasteurellaceae	Aggregatibacter	None	0.0065426997245179065	0.013109408284621054	0.0	0.0	0.0	0.0	0.0	0.01382876382876383	0.0	0.0	0.0	0.017607428966663327	0.0
A_kilianii_str_PN_649_id_GCA_003130015_1	22	15	Bacteria	Proteobacteria	Gammaproteobacteria	Enterobacterales	Pasteurellaceae	Aggregatibacter	None	0.0	0.0	0.0	0.0	0.0	0.0	0.0	0.0	0.0	0.0	0.0	0.018043025676613464	0.0
A_kilianii_str_PN_528_id_GCA_003130255_1	22	22	Bacteria	Proteobacteria	Gammaproteobacteria	Enterobacterales	Pasteurellaceae	None	None	0.0	0.0	0.0	0.0	0.0	0.0	0.0	0.0	0.008110147114296492	0.0	0.0	0.009207459207459207	0.0
A_kilianii_str_PN_491_id_GCA_003129965_1	22	9	Bacteria	Proteobacteria	Gammaproteobacteria	Enterobacterales	Pasteurellaceae	Aggregatibacter	Aggregatibacter kilianii	0.0	0.0	0.0	0.0	0.0	0.049568487068487065	0.0	0.0	0.0	0.0	0.0	0.0	0.0
A_actinomycetemcomitans_str_SA15_id_GCA_021309365_1	22	22	Bacteria	Proteobacteria	Gammaproteobacteria	Enterobacterales	Pasteurellaceae	None	None	0.0	0.0	0.0	0.0	0.0	0.0	0.0	0.0	0.0	0.0	0.0	0.0	0.0
A_actinomycetemcomitans_str_ANH9776_id_GCA_001596315_1	23	19	Bacteria	Proteobacteria	Gammaproteobacteria	Enterobacterales	Pasteurellaceae	Aggregatibacter	None	0.0	0.0	0.0	0.0	0.0	0.0	0.0	0.0	0.0	0.0	0.0	0.0	0.0
A_actinomycetemcomitans_str_HK_974_id_GCA_008085185_1	22	22	Bacteria	Proteobacteria	Gammaproteobacteria	Enterobacterales	Pasteurellaceae	None	None	0.0	0.0	0.0	0.0	0.0	0.0	0.0	0.0	0.0	0.0	0.0	0.0	0.0
A_segnis_str_NCTC10977_id_GCA_900476035_1	22	16	Bacteria	Proteobacteria	Gammaproteobacteria	Enterobacterales	Pasteurellaceae	Aggregatibacter	None	0.0	0.0	0.0	0.0	0.0	0.010850025680534154	0.0	0.0	0.0	0.0	0.0	0.0	0.0
A_aphrophilus_str_NJ8700_id_GCA_000022985_1	22	15	Bacteria	Proteobacteria	Gammaproteobacteria	Enterobacterales	Pasteurellaceae	Aggregatibacter	None	0.013170163170163172	0.008512087163772558	0.00409201504092015	0.0	0.0	0.0	0.0	0.0	0.0	0.0	0.0	0.0	0.0
A_actinomycetemcomitans_str_NCTC_9710_id_GCA_008085305_1	22	12	Bacteria	Proteobacteria	Gammaproteobacteria	Enterobacterales	Pasteurellaceae	Aggregatibacter	Aggregatibacter actinomycetemcomitans	0.0	0.0	0.0	0.0	0.0	0.0	0.0	0.0	0.0	0.0	0.0	0.0	0.0
A_aphrophilus_str_NCTC5906_id_GCA_900636915_1	23	16	Bacteria	Proteobacteria	Gammaproteobacteria	Enterobacterales	Pasteurellaceae	Aggregatibacter	None	0.0	0.0	0.0	0.0	0.0	0.0	0.0	0.0	0.0	0.0	0.0	0.0	0.0
